<?xml version="1.0" encoding="utf-16"?>
<ArrayOfCategory xmlns:xsd="http://www.w3.org/2001/XMLSchema" xmlns:xsi="http://www.w3.org/2001/XMLSchema-instance">
  <Category>
    <Identity>
      <Id>201F370CA5164F76ADDD8EEEFF666AF7</Id>
      <AutomaticallyPopulate>true</AutomaticallyPopulate>
      <Name>Default Category</Name>
    </Identity>
    <Description>Default Category</Description>
    <ResourceAccessList>
      <ResourceAccess>
        <ResourceIdentity>
          <Id>2D558F43CDAFE2438C4E3827016F85FA</Id>
          <AutomaticallyPopulate>true</AutomaticallyPopulate>
          <Name>Device Users</Name>
          <ResourceType>GroupOfWorkers</ResourceType>
          <EmailAddress />
          <UserId />
        </ResourceIdentity>
        <AccessType>MaintenanceAccess</AccessType>
        <PermissionType>FullControl</PermissionType>
      </ResourceAccess>
      <ResourceAccess>
        <ResourceIdentity>
          <Id>400A787D03A6AF4D933BB8324EE35E15</Id>
          <AutomaticallyPopulate>true</AutomaticallyPopulate>
          <Name>Administrators</Name>
          <ResourceType>GroupOfWorkers</ResourceType>
          <EmailAddress />
          <UserId />
        </ResourceIdentity>
        <AccessType>MaintenanceAccess</AccessType>
        <PermissionType>FullControl</PermissionType>
      </ResourceAccess>
      <ResourceAccess>
        <ResourceIdentity>
          <Id>6203F6CB91225F49825429B5EBF825BF</Id>
          <AutomaticallyPopulate>true</AutomaticallyPopulate>
          <Name>Designers</Name>
          <ResourceType>GroupOfWorkers</ResourceType>
          <EmailAddress />
          <UserId />
        </ResourceIdentity>
        <AccessType>MaintenanceAccess</AccessType>
        <PermissionType>FullControl</PermissionType>
      </ResourceAccess>
    </ResourceAccessList>
    <LastModifiedDate>2018-11-06T10:42:00</LastModifiedDate>
    <LastModifiedUser>7DF43CCDF24611D2804B00104B71BD10</LastModifiedUser>
    <LastModifiedUserName>TotalAgility</LastModifiedUserName>
  </Category>
  <Category>
    <Identity>
      <Id>7DB0B70848874FA69390068F3FDF1B0E</Id>
      <AutomaticallyPopulate>true</AutomaticallyPopulate>
      <Name>Applications</Name>
    </Identity>
    <Description />
    <ResourceAccessList>
      <ResourceAccess>
        <ResourceIdentity>
          <Id>7DF43CCDF24611D2804B00104B71BD15</Id>
          <AutomaticallyPopulate>true</AutomaticallyPopulate>
          <Name>Everyone</Name>
          <ResourceType>GroupOfWorkers</ResourceType>
          <EmailAddress />
          <UserId />
        </ResourceIdentity>
        <AccessType>MaintenanceAccess</AccessType>
        <PermissionType>FullControl</PermissionType>
      </ResourceAccess>
    </ResourceAccessList>
    <LastModifiedDate>2018-11-06T11:34:38.517</LastModifiedDate>
    <LastModifiedUser>5B14530BB1E740BD856842129F2562A6</LastModifiedUser>
    <LastModifiedUserName>Trainee</LastModifiedUserName>
  </Category>
</ArrayOfCategory>