<?xml version="1.0" encoding="utf-16"?>
<ArrayOfConnectorDeploymentProperty xmlns:xsd="http://www.w3.org/2001/XMLSchema" xmlns:xsi="http://www.w3.org/2001/XMLSchema-instance">
  <ConnectorDeploymentProperty>
    <ProcessId>FA33AE55EE15B6586668296DBC979F9E</ProcessId>
    <ProcessName>Capture Applications</ProcessName>
    <DocumentTypeId>A40E4CF6DBF42F85FAEBB95BA57058FE</DocumentTypeId>
    <DocumentTypeName>Standard</DocumentTypeName>
    <ConnectorId>F7F828633C28460EAF072F7D7DD0CCF4</ConnectorId>
    <ConnectorName>ExportApplications</ConnectorName>
    <ConnectorType>Text Export Connector</ConnectorType>
    <Property>Default Storage Folder</Property>
    <Value>C:\Export</Value>
    <Override>false</Override>
    <PasswordChanged>false</PasswordChanged>
    <Encrypted>false</Encrypted>
    <Encrypted2>false</Encrypted2>
  </ConnectorDeploymentProperty>
  <ConnectorDeploymentProperty>
    <ProcessId>FA33AE55EE15B6586668296DBC979F9E</ProcessId>
    <ProcessName>Capture Applications</ProcessName>
    <DocumentTypeId>A40E4CF6DBF42F85FAEBB95BA57058FE</DocumentTypeId>
    <DocumentTypeName>Standard</DocumentTypeName>
    <ConnectorId>F7F828633C28460EAF072F7D7DD0CCF4</ConnectorId>
    <ConnectorName>ExportApplications</ConnectorName>
    <ConnectorType>Text Export Connector</ConnectorType>
    <Property>Default File Name</Property>
    <Value>{@LastName}</Value>
    <Override>false</Override>
    <PasswordChanged>false</PasswordChanged>
    <Encrypted>false</Encrypted>
    <Encrypted2>false</Encrypted2>
  </ConnectorDeploymentProperty>
  <ConnectorDeploymentProperty>
    <ProcessId>FA33AE55EE15B6586668296DBC979F9E</ProcessId>
    <ProcessName>Capture Applications</ProcessName>
    <DocumentTypeId>A40E4CF6DBF42F85FAEBB95BA57058FE</DocumentTypeId>
    <DocumentTypeName>Standard</DocumentTypeName>
    <ConnectorId>F7F828633C28460EAF072F7D7DD0CCF4</ConnectorId>
    <ConnectorName>ExportApplications</ConnectorName>
    <ConnectorType>Text Export Connector</ConnectorType>
    <Property>Index Custom Storage Folder</Property>
    <Value>C:\Export</Value>
    <Override>false</Override>
    <PasswordChanged>false</PasswordChanged>
    <Encrypted>false</Encrypted>
    <Encrypted2>false</Encrypted2>
  </ConnectorDeploymentProperty>
</ArrayOfConnectorDeploymentProperty>