<?xml version="1.0" encoding="utf-16"?>
<ArrayOfSite xmlns:xsd="http://www.w3.org/2001/XMLSchema" xmlns:xsi="http://www.w3.org/2001/XMLSchema-instance">
  <Site>
    <SiteIdentity>
      <Id>8172CBDD41CC4750A4149037416351A7</Id>
      <AutomaticallyPopulate>true</AutomaticallyPopulate>
      <Name>xyzbank</Name>
    </SiteIdentity>
    <CategoryIdentity>
      <Id>BDCE0DCA27274D5DBF8AFA92134115B6</Id>
      <AutomaticallyPopulate>true</AutomaticallyPopulate>
      <Name>XYZ Bank</Name>
    </CategoryIdentity>
    <LastModifiedUser>
      <Id>27614627407D431D8E043D72E210C615</Id>
      <AutomaticallyPopulate>true</AutomaticallyPopulate>
      <ResourceType>Worker</ResourceType>
      <EmailAddress />
      <UserId />
      <ManagerialLevel>0</ManagerialLevel>
    </LastModifiedUser>
    <LastModifiedTime>2019-07-01T11:36:22.627</LastModifiedTime>
    <Settings>
      <DesktopSite>
        <DefaultForm>
          <Id>7F4A481E6C8C4C0A833228874949BD0D</Id>
          <AutomaticallyPopulate>true</AutomaticallyPopulate>
          <Name>ManualLogon</Name>
          <Version>1</Version>
        </DefaultForm>
        <HeaderForm>
          <Id>C14C213906D446ACB48F414D2EDF9970</Id>
          <AutomaticallyPopulate>true</AutomaticallyPopulate>
          <Name>WorkspaceHeader</Name>
          <Version>47</Version>
        </HeaderForm>
        <HorizontalNavigationMenu>
          <Id>57546F239FC640A09A951DA940D524C9</Id>
          <Name>WorkspaceMenu</Name>
          <LastModifiedDate>2019-06-28T14:56:35.034+01:00</LastModifiedDate>
        </HorizontalNavigationMenu>
        <VerticalNavigationMenu>
          <Id />
          <Name />
          <LastModifiedDate>2019-06-28T14:57:26.262+01:00</LastModifiedDate>
        </VerticalNavigationMenu>
        <ThemeIdentity>
          <Id>0178FEA2525C4F3D8AC51E3C273D865D</Id>
          <AutomaticallyPopulate>true</AutomaticallyPopulate>
          <Name>TotalAgility Workspace</Name>
        </ThemeIdentity>
      </DesktopSite>
      <TabletSite>
        <DefaultForm>
          <Id />
          <AutomaticallyPopulate>true</AutomaticallyPopulate>
          <Name />
          <Version>0</Version>
        </DefaultForm>
        <HeaderForm>
          <Id />
          <AutomaticallyPopulate>true</AutomaticallyPopulate>
          <Name />
          <Version>0</Version>
        </HeaderForm>
        <HorizontalNavigationMenu>
          <Id />
          <Name />
          <LastModifiedDate>2019-06-28T14:57:26.262+01:00</LastModifiedDate>
        </HorizontalNavigationMenu>
        <VerticalNavigationMenu>
          <Id />
          <Name />
          <LastModifiedDate>2019-06-28T14:57:26.262+01:00</LastModifiedDate>
        </VerticalNavigationMenu>
        <ThemeIdentity>
          <Id>0178FEA2525C4F3D8AC51E3C273D865D</Id>
          <AutomaticallyPopulate>true</AutomaticallyPopulate>
          <Name>TotalAgility Workspace</Name>
        </ThemeIdentity>
      </TabletSite>
      <MobileSite>
        <DefaultForm>
          <Id />
          <AutomaticallyPopulate>true</AutomaticallyPopulate>
          <Name />
          <Version>0</Version>
        </DefaultForm>
        <HeaderForm>
          <Id />
          <AutomaticallyPopulate>true</AutomaticallyPopulate>
          <Name />
          <Version>0</Version>
        </HeaderForm>
        <HorizontalNavigationMenu>
          <Id />
          <Name />
          <LastModifiedDate>2019-06-28T14:57:26.262+01:00</LastModifiedDate>
        </HorizontalNavigationMenu>
        <VerticalNavigationMenu>
          <Id />
          <Name />
          <LastModifiedDate>2019-06-28T14:57:26.262+01:00</LastModifiedDate>
        </VerticalNavigationMenu>
        <ThemeIdentity>
          <Id>0178FEA2525C4F3D8AC51E3C273D865D</Id>
          <AutomaticallyPopulate>true</AutomaticallyPopulate>
          <Name>TotalAgility Workspace</Name>
        </ThemeIdentity>
      </MobileSite>
      <SiteLanguages />
    </Settings>
    <LockedBy>
      <Id>27614627407D431D8E043D72E210C615</Id>
      <AutomaticallyPopulate>true</AutomaticallyPopulate>
      <Name />
      <ResourceType>Worker</ResourceType>
      <EmailAddress />
      <UserId />
      <ManagerialLevel>0</ManagerialLevel>
    </LockedBy>
  </Site>
</ArrayOfSite>