<?xml version="1.0" encoding="utf-16"?>
<ArrayOfSeparationProfile xmlns:xsd="http://www.w3.org/2001/XMLSchema" xmlns:xsi="http://www.w3.org/2001/XMLSchema-instance">
  <SeparationProfile>
    <Identity>
      <Id>F4420D56835145279E2E143CD8AC1074</Id>
      <Name>Separate Applications</Name>
    </Identity>
    <Description />
    <DocumentSeparation>
      <DocumentSeparation>FixedSheet</DocumentSeparation>
      <BarcodeTypes>
        <short>2</short>
      </BarcodeTypes>
      <PatchCodeType>None</PatchCodeType>
      <StartNewDocumentWhen>BarcodeTypeFound</StartNewDocumentWhen>
      <BarcodeSeparation>true</BarcodeSeparation>
      <PatchCodeSeparation>false</PatchCodeSeparation>
      <BarcodeChecksum>false</BarcodeChecksum>
      <ValueStartText />
      <ValueStartTextUsesRegularExpression>false</ValueStartTextUsesRegularExpression>
      <UseBarcodeValueForDocumentType>false</UseBarcodeValueForDocumentType>
      <DeletePatchCodeSeparatorSheet>false</DeletePatchCodeSeparatorSheet>
      <SheetsPerDocument>1</SheetsPerDocument>
    </DocumentSeparation>
    <FolderSeparation>
      <FolderSeparation>Manual</FolderSeparation>
      <BarcodeTypes>
        <short>2</short>
      </BarcodeTypes>
      <PatchCodeType>None</PatchCodeType>
      <CreateNewFolderWhen>BarcodeTypeFound</CreateNewFolderWhen>
      <BarcodeSeparation>true</BarcodeSeparation>
      <PatchCodeSeparation>false</PatchCodeSeparation>
      <BarcodeChecksum>false</BarcodeChecksum>
      <ValueStartText />
      <ValueStartTextUsesRegularExpression>false</ValueStartTextUsesRegularExpression>
      <UseBarcodeValueForFolderName>false</UseBarcodeValueForFolderName>
      <DeletePatchCodeSeparatorSheet>false</DeletePatchCodeSeparatorSheet>
    </FolderSeparation>
    <ResourceACL />
    <LastModifiedDate>2018-11-06T11:37:01.7215427+00:00</LastModifiedDate>
  </SeparationProfile>
</ArrayOfSeparationProfile>