<?xml version="1.0" encoding="utf-16"?>
<ArrayOfTheme xmlns:xsd="http://www.w3.org/2001/XMLSchema" xmlns:xsi="http://www.w3.org/2001/XMLSchema-instance">
  <Theme>
    <ThemeIdentity>
      <Id>0178FEA2525C4F3D8AC51E3C273D865D</Id>
      <AutomaticallyPopulate>true</AutomaticallyPopulate>
      <Name>TotalAgility Workspace</Name>
    </ThemeIdentity>
    <CategoryIdentity>
      <Id>E2A1706B60424707B39A1BDDDC8DB69C</Id>
      <AutomaticallyPopulate>true</AutomaticallyPopulate>
      <Name>TotalAgility Forms</Name>
    </CategoryIdentity>
    <Description>Represents the default TotalAgility Workspace style</Description>
    <DefaultFont>Noto Sans</DefaultFont>
    <DefaultFontSize>26</DefaultFontSize>
    <DefaultFontBold>false</DefaultFontBold>
    <DefaultFontItalics>false</DefaultFontItalics>
    <DefaultFontStrike>false</DefaultFontStrike>
    <DefaultFontULine>false</DefaultFontULine>
    <DefaultBackColour>#FFC77979</DefaultBackColour>
    <DefaultForeColour>#FF000000</DefaultForeColour>
    <DefaultAssociatedStyleSheetLocation>TotalAgilityWorkspace.css</DefaultAssociatedStyleSheetLocation>
    <DefaultCheckBoxStyle>Checkbox</DefaultCheckBoxStyle>
    <DefaultDropDownStyle>Dropdown</DefaultDropDownStyle>
    <DefaultHRuleStyle>HorizontalRule</DefaultHRuleStyle>
    <DefaultLabelStyle>LabelGeneral</DefaultLabelStyle>
    <DefaultHyperlinkStyle>Hyperlink</DefaultHyperlinkStyle>
    <DefaultRadioButtonStyle>RadioButtonList</DefaultRadioButtonStyle>
    <DefaultPanelStyle>Panel</DefaultPanelStyle>
    <DefaultTabDefaultStyle />
    <DefaultTabHoverStyle />
    <DefaultTabSelectedStyle />
    <DefaultTableAlternateRowStyle />
    <DefaultTableFrameStyle />
    <DefaultTableHeaderStyle />
    <DefaultTableSelectedRowStyle>TableSelectedRow</DefaultTableSelectedRowStyle>
    <DefaultTableTableRowStyle />
    <DefaultTextBoxStyle>Textbox</DefaultTextBoxStyle>
    <DefaultButtonStyle>Button</DefaultButtonStyle>
    <DefaultCalendarStyle />
    <LastModifiedUser>
      <Id />
      <AutomaticallyPopulate>false</AutomaticallyPopulate>
      <ResourceType>Worker</ResourceType>
      <EmailAddress />
      <UserId />
      <ManagerialLevel>0</ManagerialLevel>
    </LastModifiedUser>
    <LastModifiedDate>2018-03-23T18:55:53.09</LastModifiedDate>
    <DefaultMenuDefaultStyle>MenuWorkspace</DefaultMenuDefaultStyle>
    <DefaultMenuHoverStyle>MenuWorkspaceHover</DefaultMenuHoverStyle>
    <DefaultHeaderStyle />
    <DefaultFooterStyle />
    <DefaultContentStyle />
    <DefaultHeaderOrFooterStyle />
    <DefaultListRowStyle />
    <DefaultListAlternateRowStyle />
    <DefaultListSelectedRowStyle />
    <DefaultImageButtonStyle />
    <DefaultCalendarButtonStyle />
    <DefaultTableButtonStyle />
    <DefaultPickerButtonStyle />
    <DefaultCellHeaderStyle />
    <DefaultCCMGeneral>CCMGeneral</DefaultCCMGeneral>
    <DefaultCCMGroupHeader>CCMGroupHeader</DefaultCCMGroupHeader>
    <DefaultCellStyle>WorkspaceCell</DefaultCellStyle>
    <DesktopSenchaTheme>TotalAgilityWorkspace</DesktopSenchaTheme>
    <TouchSenchaTheme>TotalAgilityWorkspace</TouchSenchaTheme>
    <OverrideStyle>false</OverrideStyle>
  </Theme>
</ArrayOfTheme>