<?xml version="1.0" encoding="utf-16"?>
<ArrayOfFieldFormatter xmlns:xsd="http://www.w3.org/2001/XMLSchema" xmlns:xsi="http://www.w3.org/2001/XMLSchema-instance">
  <FieldFormatter>
    <Identity>
      <Id>6CF7C2345ED84D20903E8A707156FAA5</Id>
      <Name>Default Amount Formatter</Name>
    </Identity>
    <Formatter xsi:type="AmountFormatter">
      <AllowEmptyField>false</AllowEmptyField>
      <AllowNegativeAmounts>true</AllowNegativeAmounts>
      <RequireDecimalPoints>false</RequireDecimalPoints>
      <AllowThreeDecimalPlaces>false</AllowThreeDecimalPlaces>
      <DecimalSymbol>0</DecimalSymbol>
      <NoOfDecimalPlaces>2</NoOfDecimalPlaces>
      <Currencies>
        <string>EU</string>
        <string>EURO</string>
        <string>EUR</string>
      </Currencies>
      <ThousandsSeparator>None</ThousandsSeparator>
    </Formatter>
    <Category>
      <Id>201F370CA5164F76ADDD8EEEFF666AF7</Id>
      <AutomaticallyPopulate>true</AutomaticallyPopulate>
      <Name>Default Category</Name>
    </Category>
    <LastModifiedDate>2019-07-01T09:16:16.433</LastModifiedDate>
    <LastModifiedUser>
      <Id>27614627407D431D8E043D72E210C615</Id>
      <AutomaticallyPopulate>true</AutomaticallyPopulate>
      <ResourceType>Worker</ResourceType>
      <EmailAddress />
      <UserId />
      <ManagerialLevel>0</ManagerialLevel>
    </LastModifiedUser>
    <FormatterType>Amount</FormatterType>
  </FieldFormatter>
</ArrayOfFieldFormatter>