<processmaps xmlns:dt="urn:schemas-microsoft-com:datatypes" dbversion="7.600000" parentprocessmapversion="8.000000" parentprocessmapid="FA33AE55EE15B6586668296DBC979F9E"><exportConnectorProcessMappingList><exportConnectorProcessMapping><processIdentity><id>FA33AE55EE15B6586668296DBC979F9E</id><version>8</version><name>Capture Applications</name></processIdentity><exportConnectorDocTypeMappingList><exportConnectorDocTypeMapping><documentTypeIdentity><id>A40E4CF6DBF42F85FAEBB95BA57058FE</id><version>3</version><name>Standard</name></documentTypeIdentity><exportConnectorMappingList><exportConnectorMapping><exportConnectorIdentity><id>F7F828633C28460EAF072F7D7DD0CCF4</id><name>Ascent Capture Text</name><lastModifiedDate>2019-07-01T12:46:40</lastModifiedDate></exportConnectorIdentity><settings>&lt;ReleaseSetupDataAdapter xmlns:xsi="http://www.w3.org/2001/XMLSchema-instance" xmlns:xsd="http://www.w3.org/2001/XMLSchema"&gt;&lt;ProgID&gt;TextRel.kfxreleasesetupscript&lt;/ProgID&gt;&lt;Language&gt;en-US&lt;/Language&gt;&lt;Name&gt;ExportApplications&lt;/Name&gt;&lt;StartTime&gt;2019-07-01T00:00:00&lt;/StartTime&gt;&lt;EndTime&gt;2019-07-01T23:59:00&lt;/EndTime&gt;&lt;Priority&gt;0&lt;/Priority&gt;&lt;ServicePackVersion&gt;1&lt;/ServicePackVersion&gt;&lt;ImageFilePath /&gt;&lt;ImageType&gt;0&lt;/ImageType&gt;&lt;StorageType&gt;0&lt;/StorageType&gt;&lt;ConnectString /&gt;&lt;UserName /&gt;&lt;Password /&gt;&lt;TableName /&gt;&lt;BatchClassID&gt;1&lt;/BatchClassID&gt;&lt;BatchClassDescription /&gt;&lt;BatchClassSupportsNonImageFiles&gt;false&lt;/BatchClassSupportsNonImageFiles&gt;&lt;SkipFirstPage&gt;false&lt;/SkipFirstPage&gt;&lt;RowSeparator&gt;;&lt;/RowSeparator&gt;&lt;ReleaseOriginalFileNames&gt;false&lt;/ReleaseOriginalFileNames&gt;&lt;SupportOriginalFileNames&gt;true&lt;/SupportOriginalFileNames&gt;&lt;TextFileEnabled&gt;false&lt;/TextFileEnabled&gt;&lt;TextFilePath /&gt;&lt;KofaxPDFDocClassEnabled&gt;false&lt;/KofaxPDFDocClassEnabled&gt;&lt;KofaxPDFPath /&gt;&lt;New&gt;false&lt;/New&gt;&lt;PropertiesAdapter&gt;&lt;Properties&gt;&lt;PropertyAdapter&gt;&lt;Name&gt;Plus Filenaming&lt;/Name&gt;&lt;Value&gt;Index&lt;/Value&gt;&lt;/PropertyAdapter&gt;&lt;PropertyAdapter&gt;&lt;Name&gt;Duplicate Handling&lt;/Name&gt;&lt;Value&gt;Replace if Dup&lt;/Value&gt;&lt;/PropertyAdapter&gt;&lt;PropertyAdapter&gt;&lt;Name&gt;Use Default Storage&lt;/Name&gt;&lt;Value&gt;False&lt;/Value&gt;&lt;/PropertyAdapter&gt;&lt;PropertyAdapter&gt;&lt;Name&gt;Use Custom Storage&lt;/Name&gt;&lt;Value&gt;True&lt;/Value&gt;&lt;/PropertyAdapter&gt;&lt;PropertyAdapter&gt;&lt;Name&gt;Custom Index File Name&lt;/Name&gt;&lt;Value&gt;Applications.txt&lt;/Value&gt;&lt;/PropertyAdapter&gt;&lt;PropertyAdapter&gt;&lt;Name&gt;Encoding&lt;/Name&gt;&lt;Value&gt;US-ASCII&lt;/Value&gt;&lt;/PropertyAdapter&gt;&lt;PropertyAdapter&gt;&lt;Name&gt;DisableTextExport&lt;/Name&gt;&lt;Value&gt;True&lt;/Value&gt;&lt;/PropertyAdapter&gt;&lt;PropertyAdapter&gt;&lt;Name&gt;OCR Default Storage&lt;/Name&gt;&lt;Value&gt;True&lt;/Value&gt;&lt;/PropertyAdapter&gt;&lt;PropertyAdapter&gt;&lt;Name&gt;EnableKofaxPDFExport&lt;/Name&gt;&lt;Value&gt;False&lt;/Value&gt;&lt;/PropertyAdapter&gt;&lt;PropertyAdapter&gt;&lt;Name&gt;PDF Default Storage&lt;/Name&gt;&lt;Value&gt;True&lt;/Value&gt;&lt;/PropertyAdapter&gt;&lt;PropertyAdapter&gt;&lt;Name&gt;DisableImageExport&lt;/Name&gt;&lt;Value&gt;False&lt;/Value&gt;&lt;/PropertyAdapter&gt;&lt;PropertyAdapter&gt;&lt;Name&gt;IMG Default Storage&lt;/Name&gt;&lt;Value&gt;True&lt;/Value&gt;&lt;/PropertyAdapter&gt;&lt;PropertyAdapter&gt;&lt;Name&gt;Suppress image if pdf detected&lt;/Name&gt;&lt;Value&gt;True&lt;/Value&gt;&lt;/PropertyAdapter&gt;&lt;/Properties&gt;&lt;/PropertiesAdapter&gt;&lt;LinksAdapter&gt;&lt;Links&gt;&lt;LinkAdapter&gt;&lt;Destination&gt;Default Storage Folder#1#2&lt;/Destination&gt;&lt;Source&gt;C:&lt;/Source&gt;&lt;SourceType&gt;1&lt;/SourceType&gt;&lt;/LinkAdapter&gt;&lt;LinkAdapter&gt;&lt;Destination&gt;Default Storage Folder#2#2&lt;/Destination&gt;&lt;Source&gt;Export&lt;/Source&gt;&lt;SourceType&gt;1&lt;/SourceType&gt;&lt;/LinkAdapter&gt;&lt;LinkAdapter&gt;&lt;Destination&gt;Default File Name#1#1&lt;/Destination&gt;&lt;Source&gt;LastName&lt;/Source&gt;&lt;SourceType&gt;0&lt;/SourceType&gt;&lt;/LinkAdapter&gt;&lt;LinkAdapter&gt;&lt;Destination&gt;Index Custom Storage Folder#1#2&lt;/Destination&gt;&lt;Source&gt;C:&lt;/Source&gt;&lt;SourceType&gt;1&lt;/SourceType&gt;&lt;/LinkAdapter&gt;&lt;LinkAdapter&gt;&lt;Destination&gt;Index Custom Storage Folder#2#2&lt;/Destination&gt;&lt;Source&gt;Export&lt;/Source&gt;&lt;SourceType&gt;1&lt;/SourceType&gt;&lt;/LinkAdapter&gt;&lt;LinkAdapter&gt;&lt;Destination&gt;1&lt;/Destination&gt;&lt;Source&gt;Case Reference&lt;/Source&gt;&lt;SourceType&gt;3&lt;/SourceType&gt;&lt;/LinkAdapter&gt;&lt;LinkAdapter&gt;&lt;Destination&gt;2&lt;/Destination&gt;&lt;Source&gt;Document Found&lt;/Source&gt;&lt;SourceType&gt;3&lt;/SourceType&gt;&lt;/LinkAdapter&gt;&lt;LinkAdapter&gt;&lt;Destination&gt;3&lt;/Destination&gt;&lt;Source&gt;Export Success&lt;/Source&gt;&lt;SourceType&gt;3&lt;/SourceType&gt;&lt;/LinkAdapter&gt;&lt;LinkAdapter&gt;&lt;Destination&gt;4&lt;/Destination&gt;&lt;Source&gt;Start Index Documents&lt;/Source&gt;&lt;SourceType&gt;3&lt;/SourceType&gt;&lt;/LinkAdapter&gt;&lt;LinkAdapter&gt;&lt;Destination&gt;5&lt;/Destination&gt;&lt;Source&gt;FirstName&lt;/Source&gt;&lt;SourceType&gt;0&lt;/SourceType&gt;&lt;/LinkAdapter&gt;&lt;LinkAdapter&gt;&lt;Destination&gt;6&lt;/Destination&gt;&lt;Source&gt;LastName&lt;/Source&gt;&lt;SourceType&gt;0&lt;/SourceType&gt;&lt;/LinkAdapter&gt;&lt;LinkAdapter&gt;&lt;Destination&gt;7&lt;/Destination&gt;&lt;Source&gt;Address&lt;/Source&gt;&lt;SourceType&gt;0&lt;/SourceType&gt;&lt;/LinkAdapter&gt;&lt;LinkAdapter&gt;&lt;Destination&gt;8&lt;/Destination&gt;&lt;Source&gt;State&lt;/Source&gt;&lt;SourceType&gt;0&lt;/SourceType&gt;&lt;/LinkAdapter&gt;&lt;LinkAdapter&gt;&lt;Destination&gt;9&lt;/Destination&gt;&lt;Source&gt;ZipCode&lt;/Source&gt;&lt;SourceType&gt;0&lt;/SourceType&gt;&lt;/LinkAdapter&gt;&lt;LinkAdapter&gt;&lt;Destination&gt;10&lt;/Destination&gt;&lt;Source&gt;EmploymentStatus&lt;/Source&gt;&lt;SourceType&gt;0&lt;/SourceType&gt;&lt;/LinkAdapter&gt;&lt;LinkAdapter&gt;&lt;Destination&gt;11&lt;/Destination&gt;&lt;Source&gt;Amount&lt;/Source&gt;&lt;SourceType&gt;0&lt;/SourceType&gt;&lt;/LinkAdapter&gt;&lt;LinkAdapter&gt;&lt;Destination&gt;12&lt;/Destination&gt;&lt;Source&gt;BarcodeValue&lt;/Source&gt;&lt;SourceType&gt;0&lt;/SourceType&gt;&lt;/LinkAdapter&gt;&lt;LinkAdapter&gt;&lt;Destination&gt;13&lt;/Destination&gt;&lt;Source&gt;[Applications].ScanOperator&lt;/Source&gt;&lt;SourceType&gt;0&lt;/SourceType&gt;&lt;/LinkAdapter&gt;&lt;LinkAdapter&gt;&lt;Destination&gt;14&lt;/Destination&gt;&lt;Source&gt;[Applications].ScanDate&lt;/Source&gt;&lt;SourceType&gt;0&lt;/SourceType&gt;&lt;/LinkAdapter&gt;&lt;LinkAdapter&gt;&lt;Destination&gt;15&lt;/Destination&gt;&lt;Source&gt;[Applications].Location&lt;/Source&gt;&lt;SourceType&gt;0&lt;/SourceType&gt;&lt;/LinkAdapter&gt;&lt;/Links&gt;&lt;/LinksAdapter&gt;&lt;/ReleaseSetupDataAdapter&gt;</settings><order>0</order></exportConnectorMapping></exportConnectorMappingList></exportConnectorDocTypeMapping></exportConnectorDocTypeMappingList></exportConnectorProcessMapping></exportConnectorProcessMappingList><webservices></webservices><projectlist><project><projectid>BC2ACAD40352C2AE2EECA483F3E13789</projectid><name>Loan Applications</name><version>5</version><description></description><status>1</status><categoryid>D2EE3568320A4D27841780282C65AE54</categoryid><lastmodifiedprojectfile>2019-07-01T09:16:50</lastmodifiedprojectfile><lastmodifiedprojectfolder>2019-07-01T09:16:50</lastmodifiedprojectfolder><lastmodifieduser>27614627407D431D8E043D72E210C615</lastmodifieduser><onlinelearningfolderid>5975580A47434808B957AA7A00F04003</onlinelearningfolderid><projecttype>1</projecttype><isonlinelearningenabled>1</isonlinelearningenabled><isseparationenabled>0</isseparationenabled><lockedbymodule>0</lockedbymodule><issimpleproject>0</issimpleproject><trainingsetpath></trainingsetpath><usedlicensefeatures>0</usedlicensefeatures><configurationset>&lt;?xml version="1.0" encoding="utf-8"?&gt;
&lt;ConfigSetFile xmlns:xsi="http://www.w3.org/2001/XMLSchema-instance" xmlns:xsd="http://www.w3.org/2001/XMLSchema"&gt;
  &lt;Name&gt;DefaultTAConfigSet&lt;/Name&gt;
  &lt;Groups&gt;
    &lt;ConfigSetGroup&gt;
      &lt;Name&gt;OnlineLearning&lt;/Name&gt;
      &lt;Objects /&gt;
      &lt;Properties&gt;
        &lt;ConfigSetProperty&gt;
          &lt;Name&gt;Path&lt;/Name&gt;
          &lt;Value&gt;C:\ProgramData\Kofax Transformation\OnlineLearning\project&lt;/Value&gt;
          &lt;Index&gt;0&lt;/Index&gt;
        &lt;/ConfigSetProperty&gt;
      &lt;/Properties&gt;
    &lt;/ConfigSetGroup&gt;
  &lt;/Groups&gt;
&lt;/ConfigSetFile&gt;</configurationset><isreadonly>0</isreadonly><doupgrade>0</doupgrade><customversion>0</customversion></project><project><projectid>8C76DE200A6F309E4A57AB9629AE5644</projectid><name>Loan Applications</name><version>3</version><description></description><status>1</status><categoryid>D2EE3568320A4D27841780282C65AE54</categoryid><lastmodifiedprojectfile>2019-07-01T09:16:37</lastmodifiedprojectfile><lastmodifiedprojectfolder>2019-07-01T09:16:37</lastmodifiedprojectfolder><lastmodifieduser>27614627407D431D8E043D72E210C615</lastmodifieduser><onlinelearningfolderid></onlinelearningfolderid><projecttype>2</projecttype><isonlinelearningenabled>0</isonlinelearningenabled><isseparationenabled>0</isseparationenabled><lockedbymodule>0</lockedbymodule><issimpleproject>0</issimpleproject><trainingsetpath></trainingsetpath><usedlicensefeatures>0</usedlicensefeatures><configurationset>&lt;?xml version="1.0" encoding="utf-8"?&gt;
&lt;ConfigSetFile xmlns:xsi="http://www.w3.org/2001/XMLSchema-instance" xmlns:xsd="http://www.w3.org/2001/XMLSchema"&gt;
  &lt;Name&gt;DefaultTAConfigSet&lt;/Name&gt;
  &lt;Groups&gt;
    &lt;ConfigSetGroup&gt;
      &lt;Name&gt;OnlineLearning&lt;/Name&gt;
      &lt;Objects /&gt;
      &lt;Properties&gt;
        &lt;ConfigSetProperty&gt;
          &lt;Name&gt;Path&lt;/Name&gt;
          &lt;Value&gt;C:\ProgramData\Kofax Transformation\OnlineLearning\project&lt;/Value&gt;
          &lt;Index&gt;0&lt;/Index&gt;
        &lt;/ConfigSetProperty&gt;
      &lt;/Properties&gt;
    &lt;/ConfigSetGroup&gt;
  &lt;/Groups&gt;
&lt;/ConfigSetFile&gt;</configurationset><isreadonly>0</isreadonly><doupgrade>0</doupgrade><customversion>0</customversion></project></projectlist><processmap><procdata><mapid>FA33AE55EE15B6586668296DBC979F9E</mapid><mapname>Capture Applications</mapname><mapauthor>Trainee</mapauthor><mapauthorid>27614627407D431D8E043D72E210C615</mapauthorid><maptrackstorejvh>0</maptrackstorejvh><helptext></helptext><lastmodified>27614627407D431D8E043D72E210C615</lastmodified><allocationalgorithm>0</allocationalgorithm><arrowstyle>0</arrowstyle><arrowweighting>0</arrowweighting><designtimesettings>&lt;designtimesettings&gt;&lt;annotations /&gt;&lt;attachments /&gt;&lt;collaborationnodes /&gt;&lt;groupartifacts /&gt;&lt;pools&gt;&lt;pool&gt;&lt;xposition&gt;25&lt;/xposition&gt;&lt;yposition&gt;25&lt;/yposition&gt;&lt;width&gt;1400&lt;/width&gt;&lt;height&gt;600&lt;/height&gt;&lt;name&gt;New process&lt;/name&gt;&lt;id&gt;82083CB1D6B339B857D1BC0BFC9B8B24&lt;/id&gt;&lt;type&gt;0&lt;/type&gt;&lt;lanes&gt;&lt;lane&gt;&lt;name&gt;Lane1&lt;/name&gt;&lt;index&gt;0&lt;/index&gt;&lt;poolid&gt;82083CB1D6B339B857D1BC0BFC9B8B24&lt;/poolid&gt;&lt;height&gt;600&lt;/height&gt;&lt;/lane&gt;&lt;/lanes&gt;&lt;/pool&gt;&lt;/pools&gt;&lt;messageflows /&gt;&lt;layoutdirection&gt;Horizontal&lt;/layoutdirection&gt;&lt;layouttype&gt;ProcessTree&lt;/layouttype&gt;&lt;zoomfactor&gt;100&lt;/zoomfactor&gt;&lt;viewactivitycost&gt;False&lt;/viewactivitycost&gt;&lt;viewactivityduration&gt;False&lt;/viewactivityduration&gt;&lt;viewactivityresources&gt;False&lt;/viewactivityresources&gt;&lt;viewgroups&gt;False&lt;/viewgroups&gt;&lt;viewpools&gt;False&lt;/viewpools&gt;&lt;compatiblewithallcasedefversions&gt;0&lt;/compatiblewithallcasedefversions&gt;&lt;startnodes&gt;&lt;startnode&gt;&lt;designtimesettings&gt;&lt;xposition&gt;220&lt;/xposition&gt;&lt;yposition&gt;137&lt;/yposition&gt;&lt;width&gt;30&lt;/width&gt;&lt;height&gt;30&lt;/height&gt;&lt;inheritcolorfromsystem&gt;True&lt;/inheritcolorfromsystem&gt;&lt;colour&gt;#62A716&lt;/colour&gt;&lt;eventtype&gt;Default&lt;/eventtype&gt;&lt;name&gt;Start&lt;/name&gt;&lt;textposition&gt;Top&lt;/textposition&gt;&lt;lane&gt;&lt;name /&gt;&lt;index&gt;0&lt;/index&gt;&lt;poolid /&gt;&lt;height&gt;0&lt;/height&gt;&lt;/lane&gt;&lt;annotations /&gt;&lt;attachments /&gt;&lt;/designtimesettings&gt;&lt;/startnode&gt;&lt;/startnodes&gt;&lt;redraw&gt;False&lt;/redraw&gt;&lt;/designtimesettings&gt;</designtimesettings><attachments></attachments><annotations></annotations><formsections></formsections><form></form><categoryid>D2EE3568320A4D27841780282C65AE54</categoryid><targetdays>0</targetdays><targethours>0</targethours><targetmins>0</targetmins><targetsecs>0</targetsecs><priority>1</priority><transactional>0</transactional><backgroundcolour>0</backgroundcolour><version>8.000000</version><cost>0.000000</cost><creationdate>2019-06-28T13:25:37</creationdate><changedate>2019-07-01T13:14:53</changedate><description></description><status>2</status><newmap>0</newmap><archivefinishedjobs>1</archivefinishedjobs><straightthrough>0</straightthrough><poolid>0</poolid><dynexpfinishtimevar></dynexpfinishtimevar><mapmilestonesrvstdtag /><mapmilestonescopetag>0</mapmilestonescopetag><mapmilestonetag /><dynamicbudget></dynamicbudget><budget>0.000000</budget><processtype>0</processtype><processtypestring>BusinessProcess</processtypestring><associatedcaseid></associatedcaseid><associatedcase></associatedcase><prefixvariable>0</prefixvariable><completioneventmapid></completioneventmapid><completioneventmapname></completioneventmapname><assocjobsoncompletion>0</assocjobsoncompletion><sendemail>0</sendemail><emailto>0</emailto><subjecttext></subjecttext><subjectvar></subjectvar><contenttext></contenttext><contentvar></contentvar><urltext></urltext><urlvar></urlvar><appendassocfile>0</appendassocfile><initialisationvariables><initialisationvariable><varname>APPLICATIONS_FOLDER</varname></initialisationvariable></initialisationvariables><outputvariables /><maintenanceaccess><resource><resourcetype>3</resourcetype><resourcename>Everyone</resourcename><resourceid>7DF43CCDF24611D2804B00104B71BD15</resourceid><serverid>277CA453D3BB3044985C99CE1F73C030</serverid><unavailability>Default</unavailability><accesstype>0</accesstype><seqassignorder>0</seqassignorder><excluded>0</excluded></resource></maintenanceaccess><creationaccess><resource><resourcetype>3</resourcetype><resourcename>Everyone</resourcename><resourceid>7DF43CCDF24611D2804B00104B71BD15</resourceid><serverid>277CA453D3BB3044985C99CE1F73C030</serverid><unavailability>Default</unavailability><accesstype>0</accesstype><seqassignorder>0</seqassignorder><excluded>0</excluded></resource></creationaccess><suspendaccess><resource><resourcetype>3</resourcetype><resourcename>Everyone</resourcename><resourceid>7DF43CCDF24611D2804B00104B71BD15</resourceid><serverid>277CA453D3BB3044985C99CE1F73C030</serverid><unavailability>Default</unavailability><accesstype>0</accesstype><seqassignorder>0</seqassignorder><excluded>0</excluded></resource></suspendaccess><terminateaccess><resource><resourcetype>3</resourcetype><resourcename>Everyone</resourcename><resourceid>7DF43CCDF24611D2804B00104B71BD15</resourceid><serverid>277CA453D3BB3044985C99CE1F73C030</serverid><unavailability>Default</unavailability><accesstype>0</accesstype><seqassignorder>0</seqassignorder><excluded>0</excluded></resource></terminateaccess><restartaccess><resource><resourcetype>3</resourcetype><resourcename>Everyone</resourcename><resourceid>7DF43CCDF24611D2804B00104B71BD15</resourceid><serverid>277CA453D3BB3044985C99CE1F73C030</serverid><unavailability>Default</unavailability><accesstype>0</accesstype><seqassignorder>0</seqassignorder><excluded>0</excluded></resource></restartaccess><holdaccess><resource><resourcetype>3</resourcetype><resourcename>Everyone</resourcename><resourceid>7DF43CCDF24611D2804B00104B71BD15</resourceid><serverid>277CA453D3BB3044985C99CE1F73C030</serverid><unavailability>Default</unavailability><accesstype>0</accesstype><seqassignorder>0</seqassignorder><excluded>0</excluded></resource></holdaccess><customiseaccess /><jobdetailviewaccess><resource><resourcetype>3</resourcetype><resourcename>Everyone</resourcename><resourceid>7DF43CCDF24611D2804B00104B71BD15</resourceid><serverid>277CA453D3BB3044985C99CE1F73C030</serverid><unavailability>Default</unavailability><accesstype>0</accesstype><seqassignorder>0</seqassignorder><excluded>0</excluded></resource></jobdetailviewaccess><scanvrsprofileaccess><resource><resourcetype>3</resourcetype><resourcename>Everyone</resourcename><resourceid>7DF43CCDF24611D2804B00104B71BD15</resourceid><serverid>277CA453D3BB3044985C99CE1F73C030</serverid><unavailability>Default</unavailability><accesstype>0</accesstype><seqassignorder>0</seqassignorder><excluded>0</excluded></resource></scanvrsprofileaccess><separationprofileaccess><resource><resourcetype>3</resourcetype><resourcename>Everyone</resourcename><resourceid>7DF43CCDF24611D2804B00104B71BD15</resourceid><serverid>277CA453D3BB3044985C99CE1F73C030</serverid><unavailability>Default</unavailability><accesstype>0</accesstype><seqassignorder>0</seqassignorder><excluded>0</excluded></resource></separationprofileaccess><updatedocumentcontaineraccess><resource><resourcetype>3</resourcetype><resourcename>Everyone</resourcename><resourceid>7DF43CCDF24611D2804B00104B71BD15</resourceid><serverid>277CA453D3BB3044985C99CE1F73C030</serverid><unavailability>Default</unavailability><accesstype>0</accesstype><seqassignorder>0</seqassignorder><excluded>0</excluded></resource></updatedocumentcontaineraccess><defaultusableresources><resource><resourcetype>3</resourcetype><resourcename>Everyone</resourcename><resourceid>7DF43CCDF24611D2804B00104B71BD15</resourceid><serverid>277CA453D3BB3044985C99CE1F73C030</serverid><unavailability>Default</unavailability><accesstype>0</accesstype><seqassignorder>0</seqassignorder><excluded>0</excluded></resource></defaultusableresources><exceptions><exception><exceptioncode>EXP0004</exceptioncode><processmapid /><processmapname /><description>Invoked when the cost of job exceeds the expected value.</description><version>0.000000</version><serveronly>0</serveronly></exception><exception><exceptioncode>EXP0005</exceptioncode><processmapid /><processmapname /><description>Invoked when a job exceeds its expected duration.</description><version>0.000000</version><serveronly>0</serveronly></exception><exception><exceptioncode>EXP0006</exceptioncode><processmapid /><processmapname /><description>Invoked when an activity exceeds its expected duration.</description><version>0.000000</version><serveronly>0</serveronly></exception><exception><exceptioncode>EXP0009</exceptioncode><processmapid /><processmapname /><description>Invoked when a Script Object fails to execute automatically.</description><version>0.000000</version><serveronly>0</serveronly></exception><exception><exceptioncode>EXP0010</exceptioncode><processmapid /><processmapname /><description>Invoked when a process is stalled.</description><version>0.000000</version><serveronly>0</serveronly></exception><exception><exceptioncode>EXP0013</exceptioncode><processmapid /><processmapname /><description>Invoked when an activity crosses the due date.</description><version>0.000000</version><serveronly>0</serveronly></exception><exception><exceptioncode>EXP0017</exceptioncode><processmapid /><processmapname /><description>Invoked when synchronous processing fails.</description><version>0.000000</version><serveronly>0</serveronly></exception><exception><exceptioncode>EXP0018</exceptioncode><processmapid /><processmapname /><description>Invoked when no usable resource is assigned to an activity.</description><version>0.000000</version><serveronly>0</serveronly></exception><exception><exceptioncode>EXP0019</exceptioncode><processmapid /><processmapname /><description>Invoked when a .NET object fails to execute.</description><version>0.000000</version><serveronly>0</serveronly></exception><exception><exceptioncode>EXP0020</exceptioncode><processmapid /><processmapname /><description>Invoked when a Web Service object fails to execute.</description><version>0.000000</version><serveronly>0</serveronly></exception><exception><exceptioncode>EXP0022</exceptioncode><processmapid /><processmapname /><description>Invoked when a C# Script activity fails to execute when running automatically.</description><version>0.000000</version><serveronly>0</serveronly></exception><exception><exceptioncode>EXP0023</exceptioncode><processmapid /><processmapname /><description>Invoked when a VB .NET Script activity fails to execute.</description><version>0.000000</version><serveronly>0</serveronly></exception><exception><exceptioncode>EXP0025</exceptioncode><processmapid /><processmapname /><description>Invoked when a Data Access activity fails to execute.</description><version>0.000000</version><serveronly>0</serveronly></exception><exception><exceptioncode>EXP0027</exceptioncode><processmapid /><processmapname /><description>Invoked when a Synchronization activity fails to execute.</description><version>0.000000</version><serveronly>0</serveronly></exception><exception><exceptioncode>EXP0036</exceptioncode><processmapid /><processmapname /><description>Invoked when the transfer of documents to another server fails to execute.</description><version>0.000000</version><serveronly>0</serveronly></exception></exceptions><states /><milestones /><bpescalations /><mapvirtualfolders><virtualfolderstructure></virtualfolderstructure><indexdatacollection /><mapvirtualfolderstructure></mapvirtualfolderstructure></mapvirtualfolders><serverid>277CA453D3BB3044985C99CE1F73C030</serverid><xmlexpressionlist /><ragstatus><amberthreshold>0</amberthreshold><redthreshold>0</redthreshold><blackthreshold>0</blackthreshold><purplethreshold>0</purplethreshold></ragstatus><casedefcomruntime_data /><archivetopi>0</archivetopi><runtime_settings>0</runtime_settings><process_owner_id></process_owner_id><score_rule /><map_valid_from /><map_valid_to /><captureenabled>1</captureenabled><iscaptureprocess>0</iscaptureprocess><reportingtag></reportingtag><settingsxml>&lt;?xml version="1.0" encoding="utf-16"?&gt;
&lt;BusinessProcessSettings xmlns:xsd="http://www.w3.org/2001/XMLSchema" xmlns:xsi="http://www.w3.org/2001/XMLSchema-instance"&gt;
  &lt;CaptureProcessSettings&gt;
    &lt;ClassificationGroup&gt;
      &lt;Id&gt;BC2ACAD40352C2AE2EECA483F3E13789&lt;/Id&gt;
      &lt;AutomaticallyPopulate&gt;true&lt;/AutomaticallyPopulate&gt;
      &lt;Version&gt;0&lt;/Version&gt;
      &lt;Name&gt;Loan Applications&lt;/Name&gt;
    &lt;/ClassificationGroup&gt;
    &lt;ScanVrsProfiles&gt;
      &lt;ScanVrsProfileIdentity&gt;
        &lt;Id&gt;C525FA863EB74348961543C740ED00A0&lt;/Id&gt;
        &lt;Name&gt;Default&lt;/Name&gt;
      &lt;/ScanVrsProfileIdentity&gt;
    &lt;/ScanVrsProfiles&gt;
    &lt;SeparationProfile&gt;
      &lt;Id&gt;21C889A9B759EC5FDE371EB900E67CD8&lt;/Id&gt;
      &lt;Name&gt;Separate Applications&lt;/Name&gt;
    &lt;/SeparationProfile&gt;
    &lt;DefaultScanVrsProfile&gt;
      &lt;Id&gt;C525FA863EB74348961543C740ED00A0&lt;/Id&gt;
      &lt;Name&gt;Default&lt;/Name&gt;
    &lt;/DefaultScanVrsProfile&gt;
    &lt;DocConversionProfiles /&gt;
    &lt;DefaultDocConversionProfile /&gt;
    &lt;SaveScannedImageAsPageRendition&gt;false&lt;/SaveScannedImageAsPageRendition&gt;
    &lt;PageRendition&gt;0&lt;/PageRendition&gt;
    &lt;DeviceScanVrsProfile&gt;
      &lt;Id&gt;0BDEEA96784E0C05891DA4EBE1AE84E4&lt;/Id&gt;
      &lt;Name&gt;Mobile Device&lt;/Name&gt;
    &lt;/DeviceScanVrsProfile&gt;
    &lt;DeviceSeparationProfile&gt;
      &lt;Id&gt;21C889A9B759EC5FDE371EB900E67CD8&lt;/Id&gt;
      &lt;Name&gt;Separate Applications&lt;/Name&gt;
    &lt;/DeviceSeparationProfile&gt;
    &lt;PdfTextExtractionMode&gt;0&lt;/PdfTextExtractionMode&gt;
    &lt;AllowRotateReorderImportedImages&gt;true&lt;/AllowRotateReorderImportedImages&gt;
    &lt;AllowSplitMergeDeleteImportedDocument&gt;true&lt;/AllowSplitMergeDeleteImportedDocument&gt;
    &lt;PdfTextWordSeparationChars&gt;/:()-#&lt;/PdfTextWordSeparationChars&gt;
  &lt;/CaptureProcessSettings&gt;
  &lt;RetentionPolicySettings&gt;
    &lt;KeepForever&gt;true&lt;/KeepForever&gt;
    &lt;RetentionPolicyDuration&gt;
      &lt;Years&gt;1&lt;/Years&gt;
      &lt;Months&gt;0&lt;/Months&gt;
      &lt;Days&gt;0&lt;/Days&gt;
      &lt;Hours&gt;0&lt;/Hours&gt;
      &lt;Minutes&gt;0&lt;/Minutes&gt;
    &lt;/RetentionPolicyDuration&gt;
  &lt;/RetentionPolicySettings&gt;
  &lt;MaximumLoopCount&gt;0&lt;/MaximumLoopCount&gt;
&lt;/BusinessProcessSettings&gt;</settingsxml><associateddotnetreferences /><processnotes /><cnjformidentity><id>EE96570DB179467D8D674A8772284B00</id><name>CaptureApplications_Scan</name></cnjformidentity><hasdocumentcontainer>0</hasdocumentcontainer></procdata><entitylist></entitylist><variableslist><variable><varname>APPLICATION_DOCUMENT</varname><vartype>32760</vartype><varvalue>&lt;?xml version="1.0" encoding="utf-16"?&gt;
&lt;DocumentVariableValue xmlns:xsd="http://www.w3.org/2001/XMLSchema" xmlns:xsi="http://www.w3.org/2001/XMLSchema-instance"&gt;
  &lt;DocumentType&gt;C8509CDAC9A7E7F2077C22051B479D8B&lt;/DocumentType&gt;
  &lt;DocumentName&gt;Personal Loans&lt;/DocumentName&gt;
  &lt;InstanceId /&gt;
&lt;/DocumentVariableValue&gt;</varvalue><dynamic>0</dynamic><used_in_skin>0</used_in_skin><entityid>4FEE4E069417475DAC5D2C2E5C95CA49</entityid><entityname>Default Data Grouping</entityname><vardisplayname>Application Document</vardisplayname><variablemembers /></variable><variable><varname>APPLICATIONS_FOLDER</varname><vartype>32759</vartype><varvalue>&lt;?xml version="1.0" encoding="utf-16"?&gt;
&lt;FolderVariableValue xmlns:xsd="http://www.w3.org/2001/XMLSchema" xmlns:xsi="http://www.w3.org/2001/XMLSchema-instance"&gt;
  &lt;FolderType&gt;5ADE2015981983F703C13AD6CB24E914&lt;/FolderType&gt;
  &lt;FolderName&gt;Applications&lt;/FolderName&gt;
  &lt;InstanceId /&gt;
&lt;/FolderVariableValue&gt;</varvalue><dynamic>0</dynamic><used_in_skin>0</used_in_skin><entityid>4FEE4E069417475DAC5D2C2E5C95CA49</entityid><entityname>Default Data Grouping</entityname><vardisplayname>Applications Folder</vardisplayname><variablemembers /></variable><variable><varname>CASE_REFERENCE</varname><vartype>8</vartype><varvalue xml:space="preserve"></varvalue><dynamic>0</dynamic><used_in_skin>0</used_in_skin><entityid>4FEE4E069417475DAC5D2C2E5C95CA49</entityid><entityname>Default Data Grouping</entityname><vardisplayname>Case Reference</vardisplayname><variablemembers /></variable><variable><varname>DOCUMENT_FOUND</varname><vartype>11</vartype><varvalue>0</varvalue><dynamic>0</dynamic><used_in_skin>0</used_in_skin><entityid>4FEE4E069417475DAC5D2C2E5C95CA49</entityid><entityname>Default Data Grouping</entityname><vardisplayname>Document Found</vardisplayname><variablemembers /></variable><variable><varname>EXPORT_SUCCESS</varname><vartype>11</vartype><varvalue>0</varvalue><dynamic>0</dynamic><used_in_skin>0</used_in_skin><entityid>4FEE4E069417475DAC5D2C2E5C95CA49</entityid><entityname>Default Data Grouping</entityname><vardisplayname>Export Success</vardisplayname><variablemembers /></variable><variable><varname>EXPORTED</varname><vartype>8204</vartype><varvalue></varvalue><dynamic>1</dynamic><used_in_skin>0</used_in_skin><entityid>4FEE4E069417475DAC5D2C2E5C95CA49</entityid><entityname>Default Data Grouping</entityname><vardisplayname>Exported</vardisplayname><variablemembers><row><col><vartype>0</vartype><varvalue></varvalue><owner>00000000000000000000000000000000</owner><version>0.000000</version><isprocessvariable>0</isprocessvariable></col></row><description>Exported</description></variablemembers></variable><variable><varname>NOT_EXPORTED</varname><vartype>8204</vartype><varvalue></varvalue><dynamic>1</dynamic><used_in_skin>0</used_in_skin><entityid>4FEE4E069417475DAC5D2C2E5C95CA49</entityid><entityname>Default Data Grouping</entityname><vardisplayname>Not Exported</vardisplayname><variablemembers><row><col><vartype>0</vartype><varvalue></varvalue><owner>00000000000000000000000000000000</owner><version>0.000000</version><isprocessvariable>0</isprocessvariable></col></row><description>Not Exported</description></variablemembers></variable><variable><varname>START_INDEX_DOCUMENTS</varname><vartype>3</vartype><varvalue>1</varvalue><dynamic>0</dynamic><used_in_skin>0</used_in_skin><entityid>4FEE4E069417475DAC5D2C2E5C95CA49</entityid><entityname>Default Data Grouping</entityname><vardisplayname>Start Index Documents</vardisplayname><variablemembers /></variable></variableslist><roleslist /><processeventlist><processevent><eventname>SCANNED</eventname><eventdescription>Scanned event</eventdescription></processevent></processeventlist><nodelist><node><nodetype>26</nodetype><nodedata><processid>FA33AE55EE15B6586668296DBC979F9E</processid><version>8.000000</version><nodeid>1</nodeid><isstartnode>1</isstartnode><nodetype>26</nodetype><designtimetype>26</designtimetype><activationprobability>100</activationprobability><embeddedname></embeddedname><state /><statescope>0</statescope><activitymilestone></activitymilestone><activitymilestonescope>0</activitymilestonescope><activitypendmilestone></activitypendmilestone><activitypendmilestonescope>0</activitypendmilestonescope><activitydonemilestone></activitydonemilestone><activitydonemilestonescope>0</activitydonemilestonescope><nodependevent /><nodependeventscope>0</nodependeventscope><nodedoneevent /><nodedoneeventscope>0</nodedoneeventscope><titleposno>5</titleposno><embeddedproccount>0</embeddedproccount><iscustomnode>0</iscustomnode><designtimesettings>&lt;designtimesettings&gt;&lt;xposition&gt;318&lt;/xposition&gt;&lt;yposition&gt;137&lt;/yposition&gt;&lt;width&gt;90&lt;/width&gt;&lt;height&gt;60&lt;/height&gt;&lt;inheritcolorfromsystem&gt;True&lt;/inheritcolorfromsystem&gt;&lt;colour&gt;#FFE3EDF3&lt;/colour&gt;&lt;textposition&gt;Top&lt;/textposition&gt;&lt;lane&gt;&lt;name /&gt;&lt;index&gt;0&lt;/index&gt;&lt;poolid /&gt;&lt;height&gt;0&lt;/height&gt;&lt;/lane&gt;&lt;annotations /&gt;&lt;attachments /&gt;&lt;resourcenotes /&gt;&lt;/designtimesettings&gt;</designtimesettings><attachments></attachments><annotations></annotations><dependants /><destinationnodes><destinationnode><nodeid>2</nodeid><nodetype>30</nodetype></destinationnode></destinationnodes><originnodes /><branchingrules /><runtimesettings>0</runtimesettings></nodedata><activitydata><inputvariables><inputvariable><varid>APPLICATIONS_FOLDER</varid></inputvariable></inputvariables><outputvariables /><requiredresources /><usableresources /><dynamicresourcesdata><overwriteusableresources>0</overwriteusableresources><dynamicresourcesvariables /></dynamicresourcesdata><targettime>0</targettime><delaytime>0</delaytime><expectedcost>0.000000</expectedcost><securitylevel>10</securitylevel><skilllevel>10</skilllevel><useprevioususer>0</useprevioususer><tasktype>26</tasktype><priority>1</priority><automatic>1</automatic><trackstorejvh>0</trackstorejvh><usesameasprevious>0</usesameasprevious><taskid>0</taskid><usesameasprevioustype>0</usesameasprevioustype><fixedcost>0.000000</fixedcost><taskname>Classification</taskname><resourceid /><createdby>27614627407D431D8E043D72E210C615</createdby><purpose></purpose><description></description><script></script><processid /><creationdate>2019-07-01T13:49:32.60605</creationdate><transactionalinfo /><createnewjobinfo><cnjprocessid></cnjprocessid><initparams></initparams><outputs></outputs><varid></varid><jobtype>0</jobtype><reftype>0</reftype></createnewjobinfo><scriptprogid></scriptprogid><preloadscript>1</preloadscript><assocfile></assocfile><designinfo /><sleepinfo>0</sleepinfo><jobowneridinfo></jobowneridinfo><jobownervaridinfo></jobownervaridinfo><negativelagtime>0</negativelagtime><dynduedate>0</dynduedate><dynduedatevar /><dyntargetdurationvar /><sendemail>0</sendemail><emailto>0</emailto><subjecttext></subjecttext><subjectvar></subjectvar><contenttext></contenttext><contentvar></contentvar><urltext></urltext><urlvar></urlvar><appendassocfile>0</appendassocfile><dotnet /><webservice /><activityinfo><useadvworkflowrules>0</useadvworkflowrules><seqactivityassignment>0</seqactivityassignment><concuractivityaccess>0</concuractivityaccess><noofusableresourcesreq>0</noofusableresourcesreq><exitcondition></exitcondition><expandgroups>0</expandgroups><noofusableresourcesreqvarid /></activityinfo><categoryid>D2EE3568320A4D27841780282C65AE54</categoryid><poolid>0</poolid><activityruntimesettings>0</activityruntimesettings><activityragamberthreshold>0</activityragamberthreshold><activityragredthreshold>0</activityragredthreshold><activityragblackthreshold>0</activityragblackthreshold><activityragpurplethreshold>0</activityragpurplethreshold><form /><xmldata /><dataaccess /><getresourceinfo /><jobvariableinfo /><baminfo /><bpescalations /><preconditionslist><precondition><openbracket></openbracket><eventname>SCANNED</eventname><eventscope>0</eventscope><documenttypeid /><documenttypescope>0</documenttypescope><operator>&amp;gt;</operator><literalvalue>0</literalvalue><varid></varid><closebracket></closebracket><logoperator></logoperator></precondition></preconditionslist><startmethod></startmethod><classnamespace></classnamespace><settingsxml>&lt;?xml version="1.0" encoding="utf-16"?&gt;
&lt;SeparationClassificationCaptureActivitySettings xmlns:xsd="http://www.w3.org/2001/XMLSchema" xmlns:xsi="http://www.w3.org/2001/XMLSchema-instance"&gt;
  &lt;ClassificationGroup&gt;
    &lt;Id&gt;BC2ACAD40352C2AE2EECA483F3E13789&lt;/Id&gt;
    &lt;AutomaticallyPopulate&gt;true&lt;/AutomaticallyPopulate&gt;
    &lt;Version&gt;5&lt;/Version&gt;
    &lt;Name&gt;Loan Applications&lt;/Name&gt;
  &lt;/ClassificationGroup&gt;
  &lt;ProcessLevel xsi:nil="true" /&gt;
  &lt;ClassificationGroupLevel&gt;Process&lt;/ClassificationGroupLevel&gt;
&lt;/SeparationClassificationCaptureActivitySettings&gt;</settingsxml><resetlimit>-1</resetlimit><activitytimedoutaction>0</activitytimedoutaction><suspendreasontext></suspendreasontext><suspendreasonvarid></suspendreasonvarid></activitydata></node><node><nodetype>30</nodetype><nodedata><processid>FA33AE55EE15B6586668296DBC979F9E</processid><version>8.000000</version><nodeid>2</nodeid><isstartnode>0</isstartnode><nodetype>30</nodetype><designtimetype>30</designtimetype><activationprobability>100</activationprobability><embeddedname></embeddedname><state /><statescope>0</statescope><activitymilestone></activitymilestone><activitymilestonescope>0</activitymilestonescope><activitypendmilestone></activitypendmilestone><activitypendmilestonescope>0</activitypendmilestonescope><activitydonemilestone></activitydonemilestone><activitydonemilestonescope>0</activitydonemilestonescope><nodependevent /><nodependeventscope>0</nodependeventscope><nodedoneevent /><nodedoneeventscope>0</nodedoneeventscope><titleposno>5</titleposno><embeddedproccount>0</embeddedproccount><iscustomnode>0</iscustomnode><designtimesettings>&lt;designtimesettings&gt;&lt;xposition&gt;451&lt;/xposition&gt;&lt;yposition&gt;138.25&lt;/yposition&gt;&lt;width&gt;90&lt;/width&gt;&lt;height&gt;60&lt;/height&gt;&lt;inheritcolorfromsystem&gt;True&lt;/inheritcolorfromsystem&gt;&lt;colour&gt;#FFE3EDF3&lt;/colour&gt;&lt;textposition&gt;Top&lt;/textposition&gt;&lt;lane&gt;&lt;name /&gt;&lt;index&gt;0&lt;/index&gt;&lt;poolid /&gt;&lt;height&gt;0&lt;/height&gt;&lt;/lane&gt;&lt;annotations /&gt;&lt;attachments /&gt;&lt;resourcenotes /&gt;&lt;/designtimesettings&gt;</designtimesettings><attachments></attachments><annotations></annotations><dependants /><destinationnodes><destinationnode><nodeid>3</nodeid><nodetype>25</nodetype></destinationnode></destinationnodes><originnodes><originnode><nodeid>1</nodeid><nodetype>30</nodetype></originnode></originnodes><branchingrules /><runtimesettings>0</runtimesettings></nodedata><activitydata><inputvariables><inputvariable><varid>APPLICATIONS_FOLDER</varid></inputvariable></inputvariables><outputvariables /><requiredresources /><usableresources><resource><resourcetype>3</resourcetype><resourcename>Everyone</resourcename><resourceid>7DF43CCDF24611D2804B00104B71BD15</resourceid><serverid>277CA453D3BB3044985C99CE1F73C030</serverid><unavailability>Default</unavailability><accesstype>0</accesstype><seqassignorder>0</seqassignorder><excluded>0</excluded></resource></usableresources><dynamicresourcesdata><overwriteusableresources>0</overwriteusableresources><dynamicresourcesvariables /></dynamicresourcesdata><targettime>0</targettime><delaytime>0</delaytime><expectedcost>0.000000</expectedcost><securitylevel>10</securitylevel><skilllevel>10</skilllevel><useprevioususer>0</useprevioususer><tasktype>32</tasktype><priority>1</priority><automatic>0</automatic><trackstorejvh>0</trackstorejvh><usesameasprevious>0</usesameasprevious><taskid>0</taskid><usesameasprevioustype>0</usesameasprevioustype><fixedcost>0.000000</fixedcost><taskname>Document Review</taskname><resourceid /><createdby>27614627407D431D8E043D72E210C615</createdby><purpose></purpose><description></description><script></script><processid /><creationdate>2019-07-01T13:49:32.61582</creationdate><transactionalinfo /><createnewjobinfo><cnjprocessid></cnjprocessid><initparams></initparams><outputs></outputs><varid></varid><jobtype>0</jobtype><reftype>0</reftype></createnewjobinfo><scriptprogid></scriptprogid><preloadscript>1</preloadscript><assocfile>Capture Applications_Document Review.form</assocfile><designinfo /><sleepinfo>0</sleepinfo><jobowneridinfo></jobowneridinfo><jobownervaridinfo></jobownervaridinfo><negativelagtime>0</negativelagtime><dynduedate>0</dynduedate><dynduedatevar /><dyntargetdurationvar /><sendemail>0</sendemail><emailto>0</emailto><subjecttext></subjecttext><subjectvar></subjectvar><contenttext></contenttext><contentvar></contentvar><urltext></urltext><urlvar></urlvar><appendassocfile>0</appendassocfile><dotnet /><webservice /><activityinfo><useadvworkflowrules>0</useadvworkflowrules><seqactivityassignment>0</seqactivityassignment><concuractivityaccess>0</concuractivityaccess><noofusableresourcesreq>0</noofusableresourcesreq><exitcondition></exitcondition><expandgroups>0</expandgroups><noofusableresourcesreqvarid /></activityinfo><categoryid>D2EE3568320A4D27841780282C65AE54</categoryid><poolid>0</poolid><activityruntimesettings>0</activityruntimesettings><activityragamberthreshold>0</activityragamberthreshold><activityragredthreshold>0</activityragredthreshold><activityragblackthreshold>0</activityragblackthreshold><activityragpurplethreshold>0</activityragpurplethreshold><form /><xmldata /><dataaccess /><getresourceinfo /><jobvariableinfo /><baminfo /><bpescalations /><preconditionslist /><startmethod></startmethod><classnamespace></classnamespace><settingsxml>&lt;?xml version="1.0" encoding="utf-16"?&gt;
&lt;DocumentReviewCaptureActivitySettings xmlns:xsd="http://www.w3.org/2001/XMLSchema" xmlns:xsi="http://www.w3.org/2001/XMLSchema-instance"&gt;
  &lt;ClassificationGroup&gt;
    &lt;Id&gt;BC2ACAD40352C2AE2EECA483F3E13789&lt;/Id&gt;
    &lt;AutomaticallyPopulate&gt;true&lt;/AutomaticallyPopulate&gt;
    &lt;Version&gt;5&lt;/Version&gt;
    &lt;Name&gt;Loan Applications&lt;/Name&gt;
  &lt;/ClassificationGroup&gt;
  &lt;ProcessLevel xsi:nil="true" /&gt;
  &lt;ClassificationGroupLevel&gt;Process&lt;/ClassificationGroupLevel&gt;
  &lt;DefaultDisplayPageRendition&gt;-1&lt;/DefaultDisplayPageRendition&gt;
  &lt;InheritDocumentModifySettings&gt;true&lt;/InheritDocumentModifySettings&gt;
  &lt;AllowRotateReorderImportedImages&gt;true&lt;/AllowRotateReorderImportedImages&gt;
  &lt;AllowSplitMergeDeleteImportedDocument&gt;true&lt;/AllowSplitMergeDeleteImportedDocument&gt;
&lt;/DocumentReviewCaptureActivitySettings&gt;</settingsxml><resetlimit>-1</resetlimit><activitytimedoutaction>0</activitytimedoutaction><suspendreasontext></suspendreasontext><suspendreasonvarid></suspendreasonvarid></activitydata></node><node><nodetype>25</nodetype><nodedata><processid>FA33AE55EE15B6586668296DBC979F9E</processid><version>8.000000</version><nodeid>3</nodeid><isstartnode>0</isstartnode><nodetype>25</nodetype><designtimetype>25</designtimetype><activationprobability>100</activationprobability><embeddedname></embeddedname><state /><statescope>0</statescope><activitymilestone></activitymilestone><activitymilestonescope>0</activitymilestonescope><activitypendmilestone></activitypendmilestone><activitypendmilestonescope>0</activitypendmilestonescope><activitydonemilestone></activitydonemilestone><activitydonemilestonescope>0</activitydonemilestonescope><nodependevent /><nodependeventscope>0</nodependeventscope><nodedoneevent /><nodedoneeventscope>0</nodedoneeventscope><titleposno>5</titleposno><embeddedproccount>0</embeddedproccount><iscustomnode>0</iscustomnode><designtimesettings>&lt;designtimesettings&gt;&lt;xposition&gt;586&lt;/xposition&gt;&lt;yposition&gt;137.166666666667&lt;/yposition&gt;&lt;width&gt;90&lt;/width&gt;&lt;height&gt;60&lt;/height&gt;&lt;inheritcolorfromsystem&gt;True&lt;/inheritcolorfromsystem&gt;&lt;colour&gt;#FFE3EDF3&lt;/colour&gt;&lt;textposition&gt;Top&lt;/textposition&gt;&lt;lane&gt;&lt;name /&gt;&lt;index&gt;0&lt;/index&gt;&lt;poolid /&gt;&lt;height&gt;0&lt;/height&gt;&lt;/lane&gt;&lt;annotations /&gt;&lt;attachments /&gt;&lt;resourcenotes /&gt;&lt;/designtimesettings&gt;</designtimesettings><attachments></attachments><annotations></annotations><dependants /><destinationnodes><destinationnode><nodeid>4</nodeid><nodetype>28</nodetype></destinationnode></destinationnodes><originnodes><originnode><nodeid>2</nodeid><nodetype>25</nodetype></originnode></originnodes><branchingrules /><runtimesettings>0</runtimesettings></nodedata><activitydata><inputvariables><inputvariable><varid>APPLICATIONS_FOLDER</varid></inputvariable></inputvariables><outputvariables /><requiredresources /><usableresources /><dynamicresourcesdata><overwriteusableresources>0</overwriteusableresources><dynamicresourcesvariables /></dynamicresourcesdata><targettime>0</targettime><delaytime>0</delaytime><expectedcost>0.000000</expectedcost><securitylevel>10</securitylevel><skilllevel>10</skilllevel><useprevioususer>0</useprevioususer><tasktype>25</tasktype><priority>1</priority><automatic>1</automatic><trackstorejvh>0</trackstorejvh><usesameasprevious>0</usesameasprevious><taskid>0</taskid><usesameasprevioustype>0</usesameasprevioustype><fixedcost>0.000000</fixedcost><taskname>Extraction</taskname><resourceid /><createdby>27614627407D431D8E043D72E210C615</createdby><purpose></purpose><description></description><script></script><processid /><creationdate>2019-07-01T13:49:32.62318</creationdate><transactionalinfo /><createnewjobinfo><cnjprocessid></cnjprocessid><initparams></initparams><outputs></outputs><varid></varid><jobtype>0</jobtype><reftype>0</reftype></createnewjobinfo><scriptprogid></scriptprogid><preloadscript>1</preloadscript><assocfile></assocfile><designinfo /><sleepinfo>0</sleepinfo><jobowneridinfo></jobowneridinfo><jobownervaridinfo></jobownervaridinfo><negativelagtime>0</negativelagtime><dynduedate>0</dynduedate><dynduedatevar /><dyntargetdurationvar /><sendemail>0</sendemail><emailto>0</emailto><subjecttext></subjecttext><subjectvar></subjectvar><contenttext></contenttext><contentvar></contentvar><urltext></urltext><urlvar></urlvar><appendassocfile>0</appendassocfile><dotnet /><webservice /><activityinfo><useadvworkflowrules>0</useadvworkflowrules><seqactivityassignment>0</seqactivityassignment><concuractivityaccess>0</concuractivityaccess><noofusableresourcesreq>0</noofusableresourcesreq><exitcondition></exitcondition><expandgroups>0</expandgroups><noofusableresourcesreqvarid /></activityinfo><categoryid>D2EE3568320A4D27841780282C65AE54</categoryid><poolid>0</poolid><activityruntimesettings>0</activityruntimesettings><activityragamberthreshold>0</activityragamberthreshold><activityragredthreshold>0</activityragredthreshold><activityragblackthreshold>0</activityragblackthreshold><activityragpurplethreshold>0</activityragpurplethreshold><form /><xmldata /><dataaccess /><getresourceinfo /><jobvariableinfo /><baminfo /><bpescalations /><preconditionslist /><startmethod></startmethod><classnamespace></classnamespace><resetlimit>-1</resetlimit><activitytimedoutaction>0</activitytimedoutaction><suspendreasontext></suspendreasontext><suspendreasonvarid></suspendreasonvarid></activitydata></node><node><nodetype>28</nodetype><nodedata><processid>FA33AE55EE15B6586668296DBC979F9E</processid><version>8.000000</version><nodeid>4</nodeid><isstartnode>0</isstartnode><nodetype>28</nodetype><designtimetype>28</designtimetype><activationprobability>100</activationprobability><embeddedname></embeddedname><state /><statescope>0</statescope><activitymilestone></activitymilestone><activitymilestonescope>0</activitymilestonescope><activitypendmilestone></activitypendmilestone><activitypendmilestonescope>0</activitypendmilestonescope><activitydonemilestone></activitydonemilestone><activitydonemilestonescope>0</activitydonemilestonescope><nodependevent /><nodependeventscope>0</nodependeventscope><nodedoneevent /><nodedoneeventscope>0</nodedoneeventscope><titleposno>5</titleposno><embeddedproccount>0</embeddedproccount><iscustomnode>0</iscustomnode><designtimesettings>&lt;designtimesettings&gt;&lt;xposition&gt;717&lt;/xposition&gt;&lt;yposition&gt;137.083333333333&lt;/yposition&gt;&lt;width&gt;90&lt;/width&gt;&lt;height&gt;60&lt;/height&gt;&lt;inheritcolorfromsystem&gt;True&lt;/inheritcolorfromsystem&gt;&lt;colour&gt;#FFE3EDF3&lt;/colour&gt;&lt;textposition&gt;Top&lt;/textposition&gt;&lt;lane&gt;&lt;name /&gt;&lt;index&gt;0&lt;/index&gt;&lt;poolid /&gt;&lt;height&gt;0&lt;/height&gt;&lt;/lane&gt;&lt;annotations /&gt;&lt;attachments /&gt;&lt;resourcenotes /&gt;&lt;/designtimesettings&gt;</designtimesettings><attachments></attachments><annotations></annotations><dependants /><destinationnodes><destinationnode><nodeid>5</nodeid><nodetype>1</nodetype></destinationnode></destinationnodes><originnodes><originnode><nodeid>3</nodeid><nodetype>28</nodetype></originnode></originnodes><branchingrules /><runtimesettings>0</runtimesettings></nodedata><activitydata><inputvariables><inputvariable><varid>APPLICATIONS_FOLDER</varid></inputvariable></inputvariables><outputvariables /><requiredresources /><usableresources><resource><resourcetype>3</resourcetype><resourcename>Everyone</resourcename><resourceid>7DF43CCDF24611D2804B00104B71BD15</resourceid><serverid>277CA453D3BB3044985C99CE1F73C030</serverid><unavailability>Default</unavailability><accesstype>0</accesstype><seqassignorder>0</seqassignorder><excluded>0</excluded></resource></usableresources><dynamicresourcesdata><overwriteusableresources>0</overwriteusableresources><dynamicresourcesvariables /></dynamicresourcesdata><targettime>1800</targettime><delaytime>0</delaytime><expectedcost>0.000000</expectedcost><securitylevel>10</securitylevel><skilllevel>10</skilllevel><useprevioususer>0</useprevioususer><tasktype>30</tasktype><priority>1</priority><automatic>0</automatic><trackstorejvh>0</trackstorejvh><usesameasprevious>0</usesameasprevious><taskid>0</taskid><usesameasprevioustype>0</usesameasprevioustype><fixedcost>0.000000</fixedcost><taskname>Validation</taskname><resourceid /><createdby>27614627407D431D8E043D72E210C615</createdby><purpose></purpose><description></description><script></script><processid /><creationdate>2019-07-01T13:49:32.62559</creationdate><transactionalinfo /><createnewjobinfo><cnjprocessid></cnjprocessid><initparams></initparams><outputs></outputs><varid></varid><jobtype>0</jobtype><reftype>0</reftype></createnewjobinfo><scriptprogid></scriptprogid><preloadscript>1</preloadscript><assocfile>Capture Applications_Validation.form</assocfile><designinfo /><sleepinfo>0</sleepinfo><jobowneridinfo></jobowneridinfo><jobownervaridinfo></jobownervaridinfo><negativelagtime>0</negativelagtime><dynduedate>0</dynduedate><dynduedatevar /><dyntargetdurationvar /><sendemail>0</sendemail><emailto>0</emailto><subjecttext></subjecttext><subjectvar></subjectvar><contenttext></contenttext><contentvar></contentvar><urltext></urltext><urlvar></urlvar><appendassocfile>0</appendassocfile><dotnet /><webservice /><activityinfo><useadvworkflowrules>0</useadvworkflowrules><seqactivityassignment>0</seqactivityassignment><concuractivityaccess>0</concuractivityaccess><noofusableresourcesreq>0</noofusableresourcesreq><exitcondition></exitcondition><expandgroups>0</expandgroups><noofusableresourcesreqvarid /></activityinfo><categoryid>D2EE3568320A4D27841780282C65AE54</categoryid><poolid>0</poolid><activityruntimesettings>0</activityruntimesettings><activityragamberthreshold>0</activityragamberthreshold><activityragredthreshold>0</activityragredthreshold><activityragblackthreshold>0</activityragblackthreshold><activityragpurplethreshold>0</activityragpurplethreshold><form /><xmldata /><dataaccess /><getresourceinfo /><jobvariableinfo /><baminfo /><bpescalations /><preconditionslist /><startmethod></startmethod><classnamespace></classnamespace><settingsxml>&lt;?xml version="1.0" encoding="utf-16"?&gt;
&lt;ValidationCaptureActivitySettings xmlns:xsd="http://www.w3.org/2001/XMLSchema" xmlns:xsi="http://www.w3.org/2001/XMLSchema-instance"&gt;
  &lt;ClassificationGroup&gt;
    &lt;Id&gt;BC2ACAD40352C2AE2EECA483F3E13789&lt;/Id&gt;
    &lt;AutomaticallyPopulate&gt;true&lt;/AutomaticallyPopulate&gt;
    &lt;Version&gt;5&lt;/Version&gt;
    &lt;Name&gt;Loan Applications&lt;/Name&gt;
  &lt;/ClassificationGroup&gt;
  &lt;ProcessLevel xsi:nil="true" /&gt;
  &lt;ClassificationGroupLevel&gt;Process&lt;/ClassificationGroupLevel&gt;
  &lt;AllowCompleteActivityWithInvalidFields&gt;false&lt;/AllowCompleteActivityWithInvalidFields&gt;
  &lt;DefaultDisplayPageRendition&gt;-1&lt;/DefaultDisplayPageRendition&gt;
  &lt;InheritDocumentModifySettings&gt;true&lt;/InheritDocumentModifySettings&gt;
  &lt;AllowSplitMergeDeleteImportedDocument&gt;false&lt;/AllowSplitMergeDeleteImportedDocument&gt;
  &lt;AllowRotateReorderImportedImages&gt;false&lt;/AllowRotateReorderImportedImages&gt;
&lt;/ValidationCaptureActivitySettings&gt;</settingsxml><resetlimit>-1</resetlimit><activitytimedoutaction>0</activitytimedoutaction><suspendreasontext></suspendreasontext><suspendreasonvarid></suspendreasonvarid></activitydata></node><node><nodetype>1</nodetype><nodedata><processid>FA33AE55EE15B6586668296DBC979F9E</processid><version>8.000000</version><nodeid>5</nodeid><isstartnode>0</isstartnode><nodetype>1</nodetype><designtimetype>32</designtimetype><activationprobability>100</activationprobability><embeddedname></embeddedname><state /><statescope>0</statescope><activitymilestone></activitymilestone><activitymilestonescope>0</activitymilestonescope><activitypendmilestone></activitypendmilestone><activitypendmilestonescope>0</activitypendmilestonescope><activitydonemilestone></activitydonemilestone><activitydonemilestonescope>0</activitydonemilestonescope><nodependevent /><nodependeventscope>0</nodependeventscope><nodedoneevent /><nodedoneeventscope>0</nodedoneeventscope><titleposno>5</titleposno><embeddedproccount>0</embeddedproccount><iscustomnode>0</iscustomnode><designtimesettings>&lt;designtimesettings&gt;&lt;xposition&gt;852&lt;/xposition&gt;&lt;yposition&gt;136.666666666667&lt;/yposition&gt;&lt;width&gt;90&lt;/width&gt;&lt;height&gt;60&lt;/height&gt;&lt;inheritcolorfromsystem&gt;True&lt;/inheritcolorfromsystem&gt;&lt;colour&gt;#FFE3EDF3&lt;/colour&gt;&lt;textposition&gt;Top&lt;/textposition&gt;&lt;lane&gt;&lt;name /&gt;&lt;index&gt;0&lt;/index&gt;&lt;poolid /&gt;&lt;height&gt;0&lt;/height&gt;&lt;/lane&gt;&lt;annotations /&gt;&lt;attachments /&gt;&lt;resourcenotes /&gt;&lt;/designtimesettings&gt;</designtimesettings><attachments></attachments><annotations></annotations><dependants /><destinationnodes><destinationnode><nodeid>6</nodeid><nodetype>2</nodetype></destinationnode></destinationnodes><originnodes><originnode><nodeid>4</nodeid><nodetype>1</nodetype></originnode><originnode><nodeid>9</nodeid><nodetype>1</nodetype></originnode></originnodes><branchingrules /><runtimesettings>0</runtimesettings></nodedata><activitydata><inputvariables><inputvariable><varid>SPP_SYSTEM_SESSION_ID</varid></inputvariable><inputvariable><varid>APPLICATIONS_FOLDER_8A3DFE7947444402A4FB47BD0CA2ADD5</varid></inputvariable><inputvariable><varid>START_INDEX_DOCUMENTS</varid></inputvariable><inputvariable><varid>APPLICATION_DOCUMENT</varid></inputvariable><inputvariable><varid>DOCUMENT_FOUND</varid></inputvariable></inputvariables><outputvariables /><requiredresources /><usableresources /><dynamicresourcesdata><overwriteusableresources>0</overwriteusableresources><dynamicresourcesvariables /></dynamicresourcesdata><targettime>0</targettime><delaytime>0</delaytime><expectedcost>0.000000</expectedcost><securitylevel>10</securitylevel><skilllevel>10</skilllevel><useprevioususer>0</useprevioususer><tasktype>7</tasktype><priority>1</priority><automatic>1</automatic><trackstorejvh>0</trackstorejvh><usesameasprevious>0</usesameasprevious><taskid>0</taskid><usesameasprevioustype>0</usesameasprevioustype><fixedcost>0.000000</fixedcost><taskname>Loop Applications</taskname><resourceid /><createdby>27614627407D431D8E043D72E210C615</createdby><purpose></purpose><description></description><script></script><processid /><creationdate>2019-07-01T13:49:32.63242</creationdate><transactionalinfo /><createnewjobinfo><cnjprocessid></cnjprocessid><initparams></initparams><outputs></outputs><varid></varid><jobtype>0</jobtype><reftype>0</reftype></createnewjobinfo><scriptprogid></scriptprogid><preloadscript>1</preloadscript><assocfile></assocfile><designinfo /><sleepinfo>0</sleepinfo><jobowneridinfo></jobowneridinfo><jobownervaridinfo></jobownervaridinfo><negativelagtime>0</negativelagtime><dynduedate>0</dynduedate><dynduedatevar /><dyntargetdurationvar /><sendemail>0</sendemail><emailto>0</emailto><subjecttext></subjecttext><subjectvar></subjectvar><contenttext></contenttext><contentvar></contentvar><urltext></urltext><urlvar></urlvar><appendassocfile>0</appendassocfile><dotnet><dotnetactivity><assemblyid>TotalAgility.Sdk.dll</assemblyid><assemblyloadtype>0</assemblyloadtype><assemblyname>TotalAgility.Sdk.dll</assemblyname><classname>TotalAgility.Sdk.ServerService</classname><methodname>ExecuteLoop</methodname><duplicatemethodno>1</duplicatemethodno><noofparams>0</noofparams><paramsmappingxmltag>&lt;parameters&gt;&lt;param direction="in" source="SPP_SYSTEM_SESSION_ID" field="SPP_SYSTEM_SESSION_ID" datatype="System.String" value="SPP_SYSTEM_SESSION_ID" name="sessionId" selection="false" /&gt;&lt;param direction="in" source="APPLICATIONS_FOLDER_8A3DFE7947444402A4FB47BD0CA2ADD5" field="APPLICATIONS_FOLDER_8A3DFE7947444402A4FB47BD0CA2ADD5" datatype="System.Object" value="APPLICATIONS_FOLDER_8A3DFE7947444402A4FB47BD0CA2ADD5" name="complexVariableValue" selection="false" /&gt;&lt;param direction="in" source="inline" field="" datatype="System.Int32" value="1" name="numberOfColumns" selection="false" /&gt;&lt;param direction="in" source="START_INDEX_DOCUMENTS" field="START_INDEX_DOCUMENTS" datatype="System.Int32" value="START_INDEX_DOCUMENTS" name="startIndex" selection="false" /&gt;&lt;param direction="in" source="" field="" datatype="Agility.Sdk.Model.Variables.ComplexVarColumnMapping[]" value="" name="varMembers" selection="false"&gt;&lt;member name="" source="" type="Agility.Sdk.Model.Variables.ComplexVarColumnMapping" value="" field="" selection="false" index="0"&gt;&lt;member name="ColumnIndex" source="inline" type="System.Int32" value="0" field="" selection="false" index="0" /&gt;&lt;member name="Value" source="APPLICATION_DOCUMENT" type="System.Object" value="APPLICATION_DOCUMENT" field="APPLICATION_DOCUMENT" selection="false" index="0" /&gt;&lt;member name="VariableId" source="APPLICATION_DOCUMENT" type="System.String" value="APPLICATION_DOCUMENT" field="APPLICATION_DOCUMENT" selection="false" index="0" /&gt;&lt;/member&gt;&lt;/param&gt;&lt;param direction="ret" source="" field="" datatype="Agility.Sdk.Model.Server.LoopOutput" value="" name="Return Parameter" selection="false"&gt;&lt;member name="UpdatedIndex" source="START_INDEX_DOCUMENTS" type="System.Int32" value="START_INDEX_DOCUMENTS" field="START_INDEX_DOCUMENTS" selection="false" index="0" /&gt;&lt;member name="RowFound" source="DOCUMENT_FOUND" type="System.Boolean" value="DOCUMENT_FOUND" field="DOCUMENT_FOUND" selection="false" index="0" /&gt;&lt;member name="VariableMappings" source="" type="Agility.Sdk.Model.Variables.ComplexVarColumnMapping[]" value="" field="" selection="false" index="0"&gt;&lt;member name="" source="" type="Agility.Sdk.Model.Variables.ComplexVarColumnMapping" value="" field="" selection="false" index="0"&gt;&lt;member name="Value" source="APPLICATION_DOCUMENT" type="System.Object" value="APPLICATION_DOCUMENT" field="APPLICATION_DOCUMENT" selection="false" index="0" /&gt;&lt;/member&gt;&lt;/member&gt;&lt;/param&gt;&lt;/parameters&gt;</paramsmappingxmltag></dotnetactivity></dotnet><webservice /><activityinfo><useadvworkflowrules>0</useadvworkflowrules><seqactivityassignment>0</seqactivityassignment><concuractivityaccess>0</concuractivityaccess><noofusableresourcesreq>0</noofusableresourcesreq><exitcondition></exitcondition><expandgroups>0</expandgroups><noofusableresourcesreqvarid /></activityinfo><categoryid>D2EE3568320A4D27841780282C65AE54</categoryid><poolid>0</poolid><activityruntimesettings>0</activityruntimesettings><activityragamberthreshold>0</activityragamberthreshold><activityragredthreshold>0</activityragredthreshold><activityragblackthreshold>0</activityragblackthreshold><activityragpurplethreshold>0</activityragpurplethreshold><form /><xmldata /><dataaccess /><getresourceinfo /><jobvariableinfo /><baminfo /><bpescalations /><preconditionslist /><startmethod></startmethod><classnamespace></classnamespace><resetlimit>-1</resetlimit><activitytimedoutaction>0</activitytimedoutaction><suspendreasontext></suspendreasontext><suspendreasonvarid></suspendreasonvarid></activitydata></node><node><nodetype>2</nodetype><nodedata><processid>FA33AE55EE15B6586668296DBC979F9E</processid><version>8.000000</version><nodeid>6</nodeid><isstartnode>0</isstartnode><nodetype>2</nodetype><designtimetype>0</designtimetype><activationprobability>100</activationprobability><embeddedname></embeddedname><state /><statescope>0</statescope><activitymilestone /><activitymilestonescope>0</activitymilestonescope><activitypendmilestone></activitypendmilestone><activitypendmilestonescope>0</activitypendmilestonescope><activitydonemilestone></activitydonemilestone><activitydonemilestonescope>0</activitydonemilestonescope><nodependevent /><nodependeventscope>0</nodependeventscope><nodedoneevent /><nodedoneeventscope>0</nodedoneeventscope><titleposno>5</titleposno><embeddedproccount>0</embeddedproccount><iscustomnode>0</iscustomnode><designtimesettings>&lt;designtimesettings&gt;&lt;xposition&gt;976&lt;/xposition&gt;&lt;yposition&gt;169.5&lt;/yposition&gt;&lt;width&gt;60&lt;/width&gt;&lt;height&gt;60&lt;/height&gt;&lt;inheritcolorfromsystem&gt;True&lt;/inheritcolorfromsystem&gt;&lt;colour&gt;#FFD5DC43&lt;/colour&gt;&lt;textposition&gt;Top&lt;/textposition&gt;&lt;lane&gt;&lt;name /&gt;&lt;index&gt;0&lt;/index&gt;&lt;poolid /&gt;&lt;height&gt;0&lt;/height&gt;&lt;/lane&gt;&lt;annotations /&gt;&lt;attachments /&gt;&lt;/designtimesettings&gt;</designtimesettings><attachments></attachments><annotations></annotations><dependants /><destinationnodes><destinationnode><nodeid>7</nodeid><nodetype>6</nodetype></destinationnode><destinationnode><nodeid>8</nodeid><nodetype>1</nodetype></destinationnode></destinationnodes><originnodes><originnode><nodeid>5</nodeid><nodetype>2</nodetype></originnode></originnodes><branchingrules /><runtimesettings>0</runtimesettings></nodedata><decisiondata><decisionname>Application Found</decisionname><description></description><decisiontext>&lt;Rule xmlns:xsd="http://www.w3.org/2001/XMLSchema" xmlns:xsi="http://www.w3.org/2001/XMLSchema-instance"&gt;&lt;RuleInputs&gt;&lt;RuleInput&gt;&lt;Id&gt;DOCUMENT_FOUND&lt;/Id&gt;&lt;Scope&gt;None&lt;/Scope&gt;&lt;VariableType&gt;Bool&lt;/VariableType&gt;&lt;/RuleInput&gt;&lt;/RuleInputs&gt;&lt;Script&gt;¬DOCUMENT_FOUND¬ &lt;/Script&gt;&lt;RuleType&gt;Decision&lt;/RuleType&gt;&lt;/Rule&gt;</decisiontext><trueid>8</trueid><trackstorejvh>0</trackstorejvh><casesensetive>1</casesensetive><inputvariables><inputvariable><varid>DOCUMENT_FOUND</varid></inputvariable></inputvariables></decisiondata></node><node><nodetype>6</nodetype><nodedata><processid>FA33AE55EE15B6586668296DBC979F9E</processid><version>8.000000</version><nodeid>7</nodeid><isstartnode>0</isstartnode><nodetype>6</nodetype><designtimetype>0</designtimetype><activationprobability>100</activationprobability><embeddedname></embeddedname><state /><statescope>0</statescope><activitymilestone /><activitymilestonescope>0</activitymilestonescope><activitypendmilestone></activitypendmilestone><activitypendmilestonescope>0</activitypendmilestonescope><activitydonemilestone></activitydonemilestone><activitydonemilestonescope>0</activitydonemilestonescope><nodependevent /><nodependeventscope>0</nodependeventscope><nodedoneevent /><nodedoneeventscope>0</nodedoneeventscope><titleposno>5</titleposno><embeddedproccount>0</embeddedproccount><iscustomnode>0</iscustomnode><designtimesettings>&lt;designtimesettings&gt;&lt;xposition&gt;1048&lt;/xposition&gt;&lt;yposition&gt;117&lt;/yposition&gt;&lt;width&gt;30&lt;/width&gt;&lt;height&gt;30&lt;/height&gt;&lt;inheritcolorfromsystem&gt;True&lt;/inheritcolorfromsystem&gt;&lt;colour&gt;#FF9B0000&lt;/colour&gt;&lt;eventtype&gt;Default&lt;/eventtype&gt;&lt;name&gt;End&lt;/name&gt;&lt;textposition&gt;Top&lt;/textposition&gt;&lt;lane&gt;&lt;name /&gt;&lt;index&gt;0&lt;/index&gt;&lt;poolid /&gt;&lt;height&gt;0&lt;/height&gt;&lt;/lane&gt;&lt;annotations /&gt;&lt;attachments /&gt;&lt;/designtimesettings&gt;</designtimesettings><attachments></attachments><annotations></annotations><dependants /><destinationnodes /><originnodes><originnode><nodeid>6</nodeid><nodetype>6</nodetype></originnode></originnodes><branchingrules /><runtimesettings>0</runtimesettings></nodedata></node><node><nodetype>1</nodetype><nodedata><processid>FA33AE55EE15B6586668296DBC979F9E</processid><version>8.000000</version><nodeid>8</nodeid><isstartnode>0</isstartnode><nodetype>1</nodetype><designtimetype>33</designtimetype><activationprobability>100</activationprobability><embeddedname></embeddedname><state /><statescope>0</statescope><activitymilestone></activitymilestone><activitymilestonescope>0</activitymilestonescope><activitypendmilestone></activitypendmilestone><activitypendmilestonescope>0</activitypendmilestonescope><activitydonemilestone></activitydonemilestone><activitydonemilestonescope>0</activitydonemilestonescope><nodependevent /><nodependeventscope>0</nodependeventscope><nodedoneevent /><nodedoneeventscope>0</nodedoneeventscope><titleposno>5</titleposno><embeddedproccount>0</embeddedproccount><iscustomnode>0</iscustomnode><designtimesettings>&lt;designtimesettings&gt;&lt;xposition&gt;1080&lt;/xposition&gt;&lt;yposition&gt;213&lt;/yposition&gt;&lt;width&gt;90&lt;/width&gt;&lt;height&gt;60&lt;/height&gt;&lt;inheritcolorfromsystem&gt;True&lt;/inheritcolorfromsystem&gt;&lt;colour&gt;#FFE3EDF3&lt;/colour&gt;&lt;textposition&gt;Top&lt;/textposition&gt;&lt;lane&gt;&lt;name /&gt;&lt;index&gt;0&lt;/index&gt;&lt;poolid /&gt;&lt;height&gt;0&lt;/height&gt;&lt;/lane&gt;&lt;annotations /&gt;&lt;attachments /&gt;&lt;resourcenotes /&gt;&lt;/designtimesettings&gt;</designtimesettings><attachments></attachments><annotations></annotations><dependants /><destinationnodes><destinationnode><nodeid>10</nodeid><nodetype>1</nodetype></destinationnode></destinationnodes><originnodes><originnode><nodeid>6</nodeid><nodetype>1</nodetype></originnode></originnodes><branchingrules /><runtimesettings>0</runtimesettings></nodedata><activitydata><inputvariables><inputvariable><varid>SPP_SYSTEM_SESSION_ID</varid></inputvariable><inputvariable><varid>CASE_REFERENCE</varid></inputvariable><inputvariable><varid>APPLICATION_DOCUMENT_FBBDD3732F01AB1E037764687E456A24</varid></inputvariable><inputvariable><varid>APPLICATION_DOCUMENT_E450E3C63729E40FAC7539011568D60A</varid></inputvariable></inputvariables><outputvariables /><requiredresources /><usableresources /><dynamicresourcesdata><overwriteusableresources>0</overwriteusableresources><dynamicresourcesvariables /></dynamicresourcesdata><targettime>0</targettime><delaytime>0</delaytime><expectedcost>0.000000</expectedcost><securitylevel>10</securitylevel><skilllevel>10</skilllevel><useprevioususer>0</useprevioususer><tasktype>7</tasktype><priority>1</priority><automatic>1</automatic><trackstorejvh>0</trackstorejvh><usesameasprevious>0</usesameasprevious><taskid>0</taskid><usesameasprevioustype>0</usesameasprevioustype><fixedcost>0.000000</fixedcost><taskname>Create Case Reference</taskname><resourceid /><createdby>27614627407D431D8E043D72E210C615</createdby><purpose></purpose><description></description><script></script><processid /><creationdate>2019-07-01T13:49:32.63680</creationdate><transactionalinfo /><createnewjobinfo><cnjprocessid></cnjprocessid><initparams></initparams><outputs></outputs><varid></varid><jobtype>0</jobtype><reftype>0</reftype></createnewjobinfo><scriptprogid></scriptprogid><preloadscript>1</preloadscript><assocfile></assocfile><designinfo /><sleepinfo>0</sleepinfo><jobowneridinfo></jobowneridinfo><jobownervaridinfo></jobownervaridinfo><negativelagtime>0</negativelagtime><dynduedate>0</dynduedate><dynduedatevar /><dyntargetdurationvar /><sendemail>0</sendemail><emailto>0</emailto><subjecttext></subjecttext><subjectvar></subjectvar><contenttext></contenttext><contentvar></contentvar><urltext></urltext><urlvar></urlvar><appendassocfile>0</appendassocfile><dotnet><dotnetactivity><assemblyid>TotalAgility.Sdk.dll</assemblyid><assemblyloadtype>0</assemblyloadtype><assemblyname>TotalAgility.Sdk.dll</assemblyname><classname>TotalAgility.Sdk.ServerService</classname><methodname>ExecuteCalculationNode</methodname><duplicatemethodno>1</duplicatemethodno><noofparams>0</noofparams><paramsmappingxmltag>&lt;parameters&gt;&lt;param direction="in" source="SPP_SYSTEM_SESSION_ID" field="SPP_SYSTEM_SESSION_ID" datatype="System.String" value="SPP_SYSTEM_SESSION_ID" name="sessionId" selection="false" /&gt;&lt;param direction="in" source="" field="" datatype="Agility.Sdk.Model.Calculations.CalculationNode" value="" name="CalculationNode" selection="false"&gt;&lt;member name="ProcessActivityIdentity" source="" type="Agility.Sdk.Model.Activities.ProcessActivityIdentity" value="" field="" selection="false" index="0"&gt;&lt;member name="ProcessIdentity" source="" type="Agility.Sdk.Model.Processes.ProcessIdentity" value="" field="" selection="false" index="0"&gt;&lt;member name="Id" source="inline" type="System.String" value="FA33AE55EE15B6586668296DBC979F9E" field="" selection="false" index="0" /&gt;&lt;member name="Name" source="inline" type="System.String" value="Capture Applications" field="" selection="false" index="0" /&gt;&lt;member name="Version" source="inline" type="System.Double" value="8" field="" selection="false" index="0" /&gt;&lt;/member&gt;&lt;member name="NodeId" source="inline" type="System.Int16" value="8" field="" selection="false" index="0" /&gt;&lt;member name="ActivityName" source="inline" type="System.String" value="Create Case Reference" field="" selection="false" index="0" /&gt;&lt;/member&gt;&lt;member name="InputVariables" source="" type="Agility.Sdk.Model.Variables.InputVariable[]" value="" field="" selection="false" index="0"&gt;&lt;member name="" source="" type="Agility.Sdk.Model.Variables.InputVariable" value="" field="" selection="false" index="0"&gt;&lt;member name="Id" source="inline" type="System.String" value="SPP_SYSTEM_SESSION_ID" field="" selection="false" index="0" /&gt;&lt;member name="Value" source="SPP_SYSTEM_SESSION_ID" type="System.Object" value="SPP_SYSTEM_SESSION_ID" field="SPP_SYSTEM_SESSION_ID" selection="false" index="0" /&gt;&lt;/member&gt;&lt;member name="" source="" type="Agility.Sdk.Model.Variables.InputVariable" value="" field="" selection="false" index="0"&gt;&lt;member name="Id" source="inline" type="System.String" value="CASE_REFERENCE" field="" selection="false" index="0" /&gt;&lt;member name="Value" source="CASE_REFERENCE" type="System.Object" value="CASE_REFERENCE" field="CASE_REFERENCE" selection="false" index="0" /&gt;&lt;/member&gt;&lt;member name="" source="" type="Agility.Sdk.Model.Variables.InputVariable" value="" field="" selection="false" index="0"&gt;&lt;member name="Id" source="inline" type="System.String" value="APPLICATION_DOCUMENT_FBBDD3732F01AB1E037764687E456A24" field="" selection="false" index="0" /&gt;&lt;member name="Value" source="APPLICATION_DOCUMENT_FBBDD3732F01AB1E037764687E456A24" type="System.Object" value="APPLICATION_DOCUMENT_FBBDD3732F01AB1E037764687E456A24" field="APPLICATION_DOCUMENT_FBBDD3732F01AB1E037764687E456A24" selection="false" index="0" /&gt;&lt;/member&gt;&lt;member name="" source="" type="Agility.Sdk.Model.Variables.InputVariable" value="" field="" selection="false" index="0"&gt;&lt;member name="Id" source="inline" type="System.String" value="APPLICATION_DOCUMENT_E450E3C63729E40FAC7539011568D60A" field="" selection="false" index="0" /&gt;&lt;member name="Value" source="APPLICATION_DOCUMENT_E450E3C63729E40FAC7539011568D60A" type="System.Object" value="APPLICATION_DOCUMENT_E450E3C63729E40FAC7539011568D60A" field="APPLICATION_DOCUMENT_E450E3C63729E40FAC7539011568D60A" selection="false" index="0" /&gt;&lt;/member&gt;&lt;/member&gt;&lt;member name="CalculationScriptCollection" source="" type="Agility.Sdk.Model.Calculations.CalculationScript[]" value="" field="" selection="false" index="0"&gt;&lt;member name="" source="" type="Agility.Sdk.Model.Calculations.CalculationScript" value="" field="" selection="false" index="0"&gt;&lt;member name="Script" source="inline" type="System.String" value="&amp;lt;?xml version=&amp;quot;1.0&amp;quot; encoding=&amp;quot;utf-16&amp;quot;?&amp;gt;&amp;lt;Rule xmlns:xsd=&amp;quot;http://www.w3.org/2001/XMLSchema&amp;quot; xmlns:xsi=&amp;quot;http://www.w3.org/2001/XMLSchema-instance&amp;quot;&amp;gt;&amp;lt;RuleInputs&amp;gt;&amp;lt;RuleInput&amp;gt;&amp;lt;Id&amp;gt;APPLICATION_DOCUMENT_FBBDD3732F01AB1E037764687E456A24&amp;lt;/Id&amp;gt;&amp;lt;Scope&amp;gt;None&amp;lt;/Scope&amp;gt;&amp;lt;VariableType&amp;gt;String&amp;lt;/VariableType&amp;gt;&amp;lt;/RuleInput&amp;gt;&amp;lt;RuleInput&amp;gt;&amp;lt;Id&amp;gt;APPLICATION_DOCUMENT_E450E3C63729E40FAC7539011568D60A&amp;lt;/Id&amp;gt;&amp;lt;Scope&amp;gt;None&amp;lt;/Scope&amp;gt;&amp;lt;VariableType&amp;gt;String&amp;lt;/VariableType&amp;gt;&amp;lt;/RuleInput&amp;gt;&amp;lt;/RuleInputs&amp;gt;&amp;lt;Script&amp;gt;¬APPLICATION_DOCUMENT_FBBDD3732F01AB1E037764687E456A24¬ + ¬APPLICATION_DOCUMENT_E450E3C63729E40FAC7539011568D60A¬&amp;lt;/Script&amp;gt;&amp;lt;RuleType&amp;gt;Expression&amp;lt;/RuleType&amp;gt;&amp;lt;/Rule&amp;gt;" field="" selection="false" index="0" /&gt;&lt;member name="Description" source="inline" type="System.String" value="" field="" selection="false" index="0" /&gt;&lt;member name="TargetVariable" source="" type="Agility.Sdk.Model.Variables.OutputVariable" value="" field="" selection="false" index="0"&gt;&lt;member name="Id" source="inline" type="System.String" value="CASE_REFERENCE" field="" selection="false" index="0" /&gt;&lt;member name="Value" source="CASE_REFERENCE" type="System.Object" value="CASE_REFERENCE" field="CASE_REFERENCE" selection="false" index="0" /&gt;&lt;/member&gt;&lt;member name="UseBusinessCalendar" source="inline" type="System.Boolean" value="False" field="" selection="false" index="0" /&gt;&lt;/member&gt;&lt;/member&gt;&lt;/param&gt;&lt;param direction="ret" source="" field="" datatype="Agility.Sdk.Model.Variables.OutputVariable[]" value="" name="Return Parameter" selection="false"&gt;&lt;member name="" source="" type="Agility.Sdk.Model.Variables.OutputVariable" value="" field="" selection="false" index="0"&gt;&lt;member name="Id" source="inline" type="System.String" value="CASE_REFERENCE" field="" selection="false" index="0" /&gt;&lt;member name="Value" source="CASE_REFERENCE" type="System.Object" value="CASE_REFERENCE" field="CASE_REFERENCE" selection="false" index="0" /&gt;&lt;/member&gt;&lt;/param&gt;&lt;/parameters&gt;</paramsmappingxmltag></dotnetactivity></dotnet><webservice /><activityinfo><useadvworkflowrules>0</useadvworkflowrules><seqactivityassignment>0</seqactivityassignment><concuractivityaccess>0</concuractivityaccess><noofusableresourcesreq>0</noofusableresourcesreq><exitcondition></exitcondition><expandgroups>0</expandgroups><noofusableresourcesreqvarid /></activityinfo><categoryid>D2EE3568320A4D27841780282C65AE54</categoryid><poolid>0</poolid><activityruntimesettings>0</activityruntimesettings><activityragamberthreshold>0</activityragamberthreshold><activityragredthreshold>0</activityragredthreshold><activityragblackthreshold>0</activityragblackthreshold><activityragpurplethreshold>0</activityragpurplethreshold><form /><xmldata /><dataaccess /><getresourceinfo /><jobvariableinfo /><baminfo /><bpescalations /><preconditionslist /><startmethod></startmethod><classnamespace></classnamespace><resetlimit>-1</resetlimit><activitytimedoutaction>0</activitytimedoutaction><suspendreasontext></suspendreasontext><suspendreasonvarid></suspendreasonvarid></activitydata></node><node><nodetype>1</nodetype><nodedata><processid>FA33AE55EE15B6586668296DBC979F9E</processid><version>8.000000</version><nodeid>9</nodeid><isstartnode>0</isstartnode><nodetype>1</nodetype><designtimetype>15</designtimetype><activationprobability>100</activationprobability><embeddedname></embeddedname><state /><statescope>0</statescope><activitymilestone></activitymilestone><activitymilestonescope>0</activitymilestonescope><activitypendmilestone></activitypendmilestone><activitypendmilestonescope>0</activitypendmilestonescope><activitydonemilestone></activitydonemilestone><activitydonemilestonescope>0</activitydonemilestonescope><nodependevent /><nodependeventscope>0</nodependeventscope><nodedoneevent /><nodedoneeventscope>0</nodedoneeventscope><titleposno>5</titleposno><embeddedproccount>0</embeddedproccount><iscustomnode>0</iscustomnode><designtimesettings>&lt;designtimesettings&gt;&lt;xposition&gt;1338&lt;/xposition&gt;&lt;yposition&gt;211.5&lt;/yposition&gt;&lt;width&gt;90&lt;/width&gt;&lt;height&gt;60&lt;/height&gt;&lt;inheritcolorfromsystem&gt;True&lt;/inheritcolorfromsystem&gt;&lt;colour&gt;#FFE3EDF3&lt;/colour&gt;&lt;textposition&gt;Top&lt;/textposition&gt;&lt;lane&gt;&lt;name /&gt;&lt;index&gt;0&lt;/index&gt;&lt;poolid /&gt;&lt;height&gt;0&lt;/height&gt;&lt;/lane&gt;&lt;annotations /&gt;&lt;attachments /&gt;&lt;resourcenotes /&gt;&lt;/designtimesettings&gt;</designtimesettings><attachments></attachments><annotations></annotations><dependants /><destinationnodes><destinationnode><nodeid>5</nodeid><nodetype>1</nodetype></destinationnode></destinationnodes><originnodes><originnode><nodeid>10</nodeid><nodetype>1</nodetype></originnode></originnodes><branchingrules /><runtimesettings>0</runtimesettings></nodedata><activitydata><inputvariables /><outputvariables /><requiredresources /><usableresources /><dynamicresourcesdata><overwriteusableresources>0</overwriteusableresources><dynamicresourcesvariables /></dynamicresourcesdata><targettime>0</targettime><delaytime>0</delaytime><expectedcost>0.000000</expectedcost><securitylevel>10</securitylevel><skilllevel>10</skilllevel><useprevioususer>0</useprevioususer><tasktype>5</tasktype><priority>1</priority><automatic>1</automatic><trackstorejvh>0</trackstorejvh><usesameasprevious>0</usesameasprevious><taskid>0</taskid><usesameasprevioustype>0</usesameasprevioustype><fixedcost>0.000000</fixedcost><taskname>Loan Application Process</taskname><resourceid /><createdby>27614627407D431D8E043D72E210C615</createdby><purpose></purpose><description></description><script></script><processid /><creationdate>2019-07-01T13:49:32.64318</creationdate><transactionalinfo /><createnewjobinfo><cnjprocessid>51B762E170504C3D8E4FC1A4650106FE</cnjprocessid><initparams><initparam><initvarid>FIRST_NAME</initvarid><initvartype>0</initvartype><initvarvalue></initvarvalue><initdefaultvarid>APPLICATION_DOCUMENT_FBBDD3732F01AB1E037764687E456A24</initdefaultvarid></initparam><initparam><initvarid>LAST_NAME</initvarid><initvartype>0</initvartype><initvarvalue></initvarvalue><initdefaultvarid>APPLICATION_DOCUMENT_E450E3C63729E40FAC7539011568D60A</initdefaultvarid></initparam><initparam><initvarid>LOAN_AMOUNT</initvarid><initvartype>0</initvartype><initvarvalue></initvarvalue><initdefaultvarid>APPLICATION_DOCUMENT_6BD520BAE43115AAB6A0E627FA73351C</initdefaultvarid></initparam><initparam><initvarid>LOAN_APPLICATION_DOCUMENT_ID</initvarid><initvartype>0</initvartype><initvarvalue></initvarvalue><initdefaultvarid>APPLICATION_DOCUMENT_F938266C4CC640FC8C289D1FE732CD3E</initdefaultvarid></initparam></initparams><outputs /><varid>CASE_REFERENCE</varid><jobtype>1</jobtype><reftype>0</reftype></createnewjobinfo><scriptprogid></scriptprogid><preloadscript>1</preloadscript><assocfile></assocfile><designinfo /><sleepinfo>0</sleepinfo><jobowneridinfo></jobowneridinfo><jobownervaridinfo></jobownervaridinfo><negativelagtime>0</negativelagtime><dynduedate>0</dynduedate><dynduedatevar /><dyntargetdurationvar /><sendemail>0</sendemail><emailto>0</emailto><subjecttext></subjecttext><subjectvar></subjectvar><contenttext></contenttext><contentvar></contentvar><urltext></urltext><urlvar></urlvar><appendassocfile>0</appendassocfile><dotnet /><webservice /><activityinfo><useadvworkflowrules>0</useadvworkflowrules><seqactivityassignment>0</seqactivityassignment><concuractivityaccess>0</concuractivityaccess><noofusableresourcesreq>0</noofusableresourcesreq><exitcondition></exitcondition><expandgroups>0</expandgroups><noofusableresourcesreqvarid /></activityinfo><categoryid>D2EE3568320A4D27841780282C65AE54</categoryid><poolid>0</poolid><activityruntimesettings>0</activityruntimesettings><activityragamberthreshold>0</activityragamberthreshold><activityragredthreshold>0</activityragredthreshold><activityragblackthreshold>0</activityragblackthreshold><activityragpurplethreshold>0</activityragpurplethreshold><form /><xmldata /><dataaccess /><getresourceinfo /><jobvariableinfo /><baminfo /><bpescalations /><preconditionslist /><startmethod></startmethod><classnamespace></classnamespace><resetlimit>-1</resetlimit><activitytimedoutaction>0</activitytimedoutaction><suspendreasontext></suspendreasontext><suspendreasonvarid></suspendreasonvarid></activitydata></node><node><nodetype>1</nodetype><nodedata><processid>FA33AE55EE15B6586668296DBC979F9E</processid><version>8.000000</version><nodeid>10</nodeid><isstartnode>0</isstartnode><nodetype>1</nodetype><designtimetype>122</designtimetype><activationprobability>100</activationprobability><embeddedname></embeddedname><state /><statescope>0</statescope><activitymilestone></activitymilestone><activitymilestonescope>0</activitymilestonescope><activitypendmilestone></activitypendmilestone><activitypendmilestonescope>0</activitypendmilestonescope><activitydonemilestone></activitydonemilestone><activitydonemilestonescope>0</activitydonemilestonescope><nodependevent /><nodependeventscope>0</nodependeventscope><nodedoneevent /><nodedoneeventscope>0</nodedoneeventscope><titleposno>5</titleposno><embeddedproccount>0</embeddedproccount><iscustomnode>0</iscustomnode><designtimesettings>&lt;designtimesettings&gt;&lt;xposition&gt;1211&lt;/xposition&gt;&lt;yposition&gt;212&lt;/yposition&gt;&lt;width&gt;90&lt;/width&gt;&lt;height&gt;60&lt;/height&gt;&lt;inheritcolorfromsystem&gt;True&lt;/inheritcolorfromsystem&gt;&lt;colour&gt;#FFE3EDF3&lt;/colour&gt;&lt;textposition&gt;Top&lt;/textposition&gt;&lt;lane&gt;&lt;name /&gt;&lt;index&gt;0&lt;/index&gt;&lt;poolid /&gt;&lt;height&gt;0&lt;/height&gt;&lt;/lane&gt;&lt;annotations /&gt;&lt;attachments /&gt;&lt;resourcenotes /&gt;&lt;/designtimesettings&gt;</designtimesettings><attachments></attachments><annotations></annotations><dependants /><destinationnodes><destinationnode><nodeid>9</nodeid><nodetype>1</nodetype></destinationnode></destinationnodes><originnodes><originnode><nodeid>8</nodeid><nodetype>1</nodetype></originnode></originnodes><branchingrules /><runtimesettings>0</runtimesettings></nodedata><activitydata><inputvariables><inputvariable><varid>SPP_SYSTEM_SESSION_ID</varid></inputvariable><inputvariable><varid>APPLICATION_DOCUMENT</varid></inputvariable><inputvariable><varid>EXPORT_SUCCESS</varid></inputvariable><inputvariable><varid>NOT_EXPORTED</varid></inputvariable><inputvariable><varid>EXPORTED</varid></inputvariable></inputvariables><outputvariables /><requiredresources /><usableresources /><dynamicresourcesdata><overwriteusableresources>0</overwriteusableresources><dynamicresourcesvariables /></dynamicresourcesdata><targettime>0</targettime><delaytime>0</delaytime><expectedcost>0.000000</expectedcost><securitylevel>10</securitylevel><skilllevel>10</skilllevel><useprevioususer>0</useprevioususer><tasktype>7</tasktype><priority>1</priority><automatic>1</automatic><trackstorejvh>0</trackstorejvh><usesameasprevious>0</usesameasprevious><taskid>0</taskid><usesameasprevioustype>0</usesameasprevioustype><fixedcost>0.000000</fixedcost><taskname>Export</taskname><resourceid /><createdby>27614627407D431D8E043D72E210C615</createdby><purpose></purpose><description></description><script></script><processid /><creationdate>2019-07-01T13:49:32.64609</creationdate><transactionalinfo /><createnewjobinfo><cnjprocessid></cnjprocessid><initparams></initparams><outputs></outputs><varid></varid><jobtype>0</jobtype><reftype>0</reftype></createnewjobinfo><scriptprogid></scriptprogid><preloadscript>1</preloadscript><assocfile></assocfile><designinfo /><sleepinfo>0</sleepinfo><jobowneridinfo></jobowneridinfo><jobownervaridinfo></jobownervaridinfo><negativelagtime>0</negativelagtime><dynduedate>0</dynduedate><dynduedatevar /><dyntargetdurationvar /><sendemail>0</sendemail><emailto>0</emailto><subjecttext></subjecttext><subjectvar></subjectvar><contenttext></contenttext><contentvar></contentvar><urltext></urltext><urlvar></urlvar><appendassocfile>0</appendassocfile><dotnet><dotnetactivity><assemblyid>TotalAgility.Sdk.dll</assemblyid><assemblyloadtype>0</assemblyloadtype><assemblyname>TotalAgility.Sdk.dll</assemblyname><classname>TotalAgility.Sdk.ExportConnectorService</classname><methodname>ExecuteExportConnector5</methodname><duplicatemethodno>1</duplicatemethodno><noofparams>0</noofparams><paramsmappingxmltag>&lt;parameters&gt;&lt;param direction="in" source="SPP_SYSTEM_SESSION_ID" field="SPP_SYSTEM_SESSION_ID" datatype="System.String" value="SPP_SYSTEM_SESSION_ID" name="sessionId" selection="false" /&gt;&lt;param direction="in" source="APPLICATION_DOCUMENT" field="APPLICATION_DOCUMENT" datatype="System.String" value="APPLICATION_DOCUMENT" name="documentId" selection="false" /&gt;&lt;param direction="in" source="inline" field="" datatype="System.String" value="" name="folderId" selection="false" /&gt;&lt;param direction="in" datatype="Agility.Sdk.Model.Processes.ProcessIdentity" name="processIdentity" selection="false"&gt;&lt;member name="Id" source="inline" type="System.String" value="FA33AE55EE15B6586668296DBC979F9E" selection="false" index="0" /&gt;&lt;member name="Version" source="inline" type="System.Double" value="4" selection="false" index="0" /&gt;&lt;member name="Name" source="inline" type="System.String" value="Capture Applications" selection="false" index="0" /&gt;&lt;/param&gt;&lt;param direction="in" datatype="Agility.Sdk.Model.Activities.JobActivityIdentity" name="jobActivityIdentity" selection="false"&gt;&lt;member name="JobId" source="%JOBACTIVITYIDENTITY_JOBID%" type="System.String" value="%JOBACTIVITYIDENTITY_JOBID%" field="%JOBACTIVITYIDENTITY_JOBID%" selection="false" index="0" /&gt;&lt;member name="NodeId" source="%JOBACTIVITYIDENTITY_NODEID%" type="System.Int16" value="%JOBACTIVITYIDENTITY_NODEID%" field="%JOBACTIVITYIDENTITY_NODEID%" selection="false" index="0" /&gt;&lt;member name="EmbeddedProcessCount" source="%JOBACTIVITYIDENTITY_EPC%" type="System.Int16" value="%JOBACTIVITYIDENTITY_EPC%" field="%JOBACTIVITYIDENTITY_EPC%" selection="false" index="0" /&gt;&lt;/param&gt;&lt;param direction="in" source="inline" datatype="System.Boolean" value="false" name="takePageImageFromRendition" selection="false" /&gt;&lt;param direction="in" source="inline" datatype="System.Short" value="0" name="pageRenditionNumber" selection="false" /&gt;&lt;param direction="in" source="inline" datatype="System.Short" value="0" name="exportOrder" selection="false" /&gt;&lt;param direction="in" source="inline" datatype="System.Boolean" value="false" name="exportSourceDocument" selection="false" /&gt;&lt;param direction="in" source="inline" datatype="System.Boolean" value="true" name="exportPageImage" selection="false" /&gt;&lt;param direction="in" source="inline" datatype="System.Boolean" value="true" name="markCompleted" selection="false" /&gt;&lt;param direction="ret" datatype="Agility.Sdk.Model.Capture.Export.ExportConnectorResult" name="Return Parameter" selection="false"&gt;&lt;member name="IsDocumentProcessed" source="EXPORT_SUCCESS" type="System.Boolean" value="EXPORT_SUCCESS" field="EXPORT_SUCCESS" selection="false" index="0" /&gt;&lt;member name="DocumentsNotProcessedCollection" source="NOT_EXPORTED" type="Agility.Sdk.Model.Capture.Export.DocumentsNotProcessed[]" value="NOT_EXPORTED" field="NOT_EXPORTED" selection="false" index="0" /&gt;&lt;member name="DocumentProcessedCollection" source="EXPORTED" type="Agility.Sdk.Model.Capture.Export.DocumentProcessed[]" value="EXPORTED" field="EXPORTED" selection="false" index="0" /&gt;&lt;/param&gt;&lt;/parameters&gt;</paramsmappingxmltag></dotnetactivity></dotnet><webservice /><activityinfo><useadvworkflowrules>0</useadvworkflowrules><seqactivityassignment>0</seqactivityassignment><concuractivityaccess>0</concuractivityaccess><noofusableresourcesreq>0</noofusableresourcesreq><exitcondition></exitcondition><expandgroups>0</expandgroups><noofusableresourcesreqvarid /></activityinfo><categoryid>D2EE3568320A4D27841780282C65AE54</categoryid><poolid>0</poolid><activityruntimesettings>0</activityruntimesettings><activityragamberthreshold>0</activityragamberthreshold><activityragredthreshold>0</activityragredthreshold><activityragblackthreshold>0</activityragblackthreshold><activityragpurplethreshold>0</activityragpurplethreshold><form /><xmldata /><dataaccess /><getresourceinfo /><jobvariableinfo /><baminfo /><bpescalations /><preconditionslist /><startmethod></startmethod><classnamespace></classnamespace><resetlimit>-1</resetlimit><activitytimedoutaction>0</activitytimedoutaction><suspendreasontext></suspendreasontext><suspendreasonvarid></suspendreasonvarid></activitydata></node></nodelist><documentprocessrulecollection /></processmap></processmaps>