<?xml version="1.0" encoding="utf-16"?>
<ArrayOfDocumentGroup xmlns:xsd="http://www.w3.org/2001/XMLSchema" xmlns:xsi="http://www.w3.org/2001/XMLSchema-instance">
  <DocumentGroup>
    <Identity>
      <Id>8C76DE200A6F309E4A57AB9629AE5644</Id>
      <AutomaticallyPopulate>true</AutomaticallyPopulate>
      <Version>3</Version>
      <Name>Loan Applications</Name>
    </Identity>
    <Name>Loan Applications</Name>
    <Description />
    <Status>Released</Status>
    <IsShared>false</IsShared>
    <Category>
      <Id>D2EE3568320A4D27841780282C65AE54</Id>
      <AutomaticallyPopulate>true</AutomaticallyPopulate>
      <Name>Applications</Name>
    </Category>
    <DocumentTypes>
      <DocumentType>
        <Identity>
          <Id>32790BC0872657D1BB1ADDB6D0797991</Id>
          <Version>3</Version>
          <Name>Variant</Name>
        </Identity>
        <Name>Variant</Name>
        <Description />
        <Status>Released</Status>
        <FieldGroups>
          <FieldGroup>
            <Identity>
              <Id>424F0C312002ADE6968E335B55058ED3</Id>
            </Identity>
            <Name>Customer</Name>
            <Fields>
              <CaptureField xsi:type="SimpleField">
                <Identity>
                  <Id>FBBDD3732F01AB1E037764687E456A24</Id>
                  <Name />
                </Identity>
                <Name>FirstName</Name>
                <DisplayName>First Name</DisplayName>
                <Description />
                <FieldType>Text</FieldType>
                <Validators />
                <Formatter>
                  <Id />
                  <Name />
                </Formatter>
                <Verification>
                  <IsVerificationDisplayField>false</IsVerificationDisplayField>
                  <VerificationMode>Confirm</VerificationMode>
                  <CanChangeFieldValue>true</CanChangeFieldValue>
                  <ShowFieldValueIfNoMatch>false</ShowFieldValueIfNoMatch>
                </Verification>
                <IsInherited>true</IsInherited>
                <RequireManualFieldConfirmation>false</RequireManualFieldConfirmation>
                <AlwaysValid>false</AlwaysValid>
                <IsOverridden>false</IsOverridden>
                <IsFormatterOverridden>false</IsFormatterOverridden>
                <MonitorForAutomaticOnlineLearning>false</MonitorForAutomaticOnlineLearning>
                <Editable>false</Editable>
                <IsOptional>false</IsOptional>
                <FormatterInputs />
                <FieldGroupName />
                <FieldGroupId />
                <ExcludeFromAnalytics>true</ExcludeFromAnalytics>
                <MaskValueInAnalytics>false</MaskValueInAnalytics>
                <MaskImageForHiddenField>false</MaskImageForHiddenField>
                <DefaultValue xsi:type="xsd:string" />
                <ChoiceItemsSource />
                <Lookup />
              </CaptureField>
              <CaptureField xsi:type="SimpleField">
                <Identity>
                  <Id>E450E3C63729E40FAC7539011568D60A</Id>
                  <Name />
                </Identity>
                <Name>LastName</Name>
                <DisplayName>Last Name</DisplayName>
                <Description />
                <FieldType>Text</FieldType>
                <Validators />
                <Formatter>
                  <Id />
                  <Name />
                </Formatter>
                <Verification>
                  <IsVerificationDisplayField>false</IsVerificationDisplayField>
                  <VerificationMode>Confirm</VerificationMode>
                  <CanChangeFieldValue>true</CanChangeFieldValue>
                  <ShowFieldValueIfNoMatch>false</ShowFieldValueIfNoMatch>
                </Verification>
                <IsInherited>true</IsInherited>
                <RequireManualFieldConfirmation>false</RequireManualFieldConfirmation>
                <AlwaysValid>false</AlwaysValid>
                <IsOverridden>false</IsOverridden>
                <IsFormatterOverridden>false</IsFormatterOverridden>
                <MonitorForAutomaticOnlineLearning>false</MonitorForAutomaticOnlineLearning>
                <Editable>false</Editable>
                <IsOptional>false</IsOptional>
                <FormatterInputs />
                <FieldGroupName />
                <FieldGroupId />
                <ExcludeFromAnalytics>true</ExcludeFromAnalytics>
                <MaskValueInAnalytics>false</MaskValueInAnalytics>
                <MaskImageForHiddenField>false</MaskImageForHiddenField>
                <DefaultValue xsi:type="xsd:string" />
                <ChoiceItemsSource />
                <Lookup />
              </CaptureField>
              <CaptureField xsi:type="SimpleField">
                <Identity>
                  <Id>A3ED53C7DF889B725E66764685FC3F75</Id>
                  <Name />
                </Identity>
                <Name>Address</Name>
                <DisplayName>Address</DisplayName>
                <Description />
                <FieldType>Text</FieldType>
                <Validators />
                <Formatter>
                  <Id />
                  <Name />
                </Formatter>
                <Verification>
                  <IsVerificationDisplayField>false</IsVerificationDisplayField>
                  <VerificationMode>Confirm</VerificationMode>
                  <CanChangeFieldValue>true</CanChangeFieldValue>
                  <ShowFieldValueIfNoMatch>false</ShowFieldValueIfNoMatch>
                </Verification>
                <IsInherited>true</IsInherited>
                <RequireManualFieldConfirmation>false</RequireManualFieldConfirmation>
                <AlwaysValid>false</AlwaysValid>
                <IsOverridden>false</IsOverridden>
                <IsFormatterOverridden>false</IsFormatterOverridden>
                <MonitorForAutomaticOnlineLearning>false</MonitorForAutomaticOnlineLearning>
                <Editable>false</Editable>
                <IsOptional>false</IsOptional>
                <FormatterInputs />
                <FieldGroupName />
                <FieldGroupId />
                <ExcludeFromAnalytics>true</ExcludeFromAnalytics>
                <MaskValueInAnalytics>false</MaskValueInAnalytics>
                <MaskImageForHiddenField>false</MaskImageForHiddenField>
                <DefaultValue xsi:type="xsd:string" />
                <ChoiceItemsSource />
                <Lookup />
              </CaptureField>
              <CaptureField xsi:type="SimpleField">
                <Identity>
                  <Id>8881F536B1234B6E400D4E721917A7CC</Id>
                  <Name />
                </Identity>
                <Name>State</Name>
                <DisplayName>State</DisplayName>
                <Description />
                <FieldType>Text</FieldType>
                <Validators />
                <Formatter>
                  <Id />
                  <Name />
                </Formatter>
                <Verification>
                  <IsVerificationDisplayField>false</IsVerificationDisplayField>
                  <VerificationMode>Confirm</VerificationMode>
                  <CanChangeFieldValue>true</CanChangeFieldValue>
                  <ShowFieldValueIfNoMatch>false</ShowFieldValueIfNoMatch>
                </Verification>
                <IsInherited>true</IsInherited>
                <RequireManualFieldConfirmation>false</RequireManualFieldConfirmation>
                <AlwaysValid>false</AlwaysValid>
                <IsOverridden>false</IsOverridden>
                <IsFormatterOverridden>false</IsFormatterOverridden>
                <MonitorForAutomaticOnlineLearning>false</MonitorForAutomaticOnlineLearning>
                <Editable>false</Editable>
                <IsOptional>false</IsOptional>
                <FormatterInputs />
                <FieldGroupName />
                <FieldGroupId />
                <ExcludeFromAnalytics>true</ExcludeFromAnalytics>
                <MaskValueInAnalytics>false</MaskValueInAnalytics>
                <MaskImageForHiddenField>false</MaskImageForHiddenField>
                <DefaultValue xsi:type="xsd:string" />
                <ChoiceItemsSource />
                <Lookup />
              </CaptureField>
              <CaptureField xsi:type="SimpleField">
                <Identity>
                  <Id>C050C3B2A3168482D8F097693E52223E</Id>
                  <Name />
                </Identity>
                <Name>ZipCode</Name>
                <DisplayName>Zip Code</DisplayName>
                <Description />
                <FieldType>Text</FieldType>
                <Validators />
                <Formatter>
                  <Id />
                  <Name />
                </Formatter>
                <Verification>
                  <IsVerificationDisplayField>false</IsVerificationDisplayField>
                  <VerificationMode>Confirm</VerificationMode>
                  <CanChangeFieldValue>true</CanChangeFieldValue>
                  <ShowFieldValueIfNoMatch>false</ShowFieldValueIfNoMatch>
                </Verification>
                <IsInherited>true</IsInherited>
                <RequireManualFieldConfirmation>false</RequireManualFieldConfirmation>
                <AlwaysValid>false</AlwaysValid>
                <IsOverridden>false</IsOverridden>
                <IsFormatterOverridden>false</IsFormatterOverridden>
                <MonitorForAutomaticOnlineLearning>false</MonitorForAutomaticOnlineLearning>
                <Editable>false</Editable>
                <IsOptional>false</IsOptional>
                <FormatterInputs />
                <FieldGroupName />
                <FieldGroupId />
                <ExcludeFromAnalytics>true</ExcludeFromAnalytics>
                <MaskValueInAnalytics>false</MaskValueInAnalytics>
                <MaskImageForHiddenField>false</MaskImageForHiddenField>
                <DefaultValue xsi:type="xsd:string" />
                <ChoiceItemsSource />
                <Lookup />
              </CaptureField>
              <CaptureField xsi:type="SimpleField">
                <Identity>
                  <Id>D997588DAFF3D011A6F4B420EDD87D92</Id>
                  <Name />
                </Identity>
                <Name>EmploymentStatus</Name>
                <DisplayName>Employment Status</DisplayName>
                <Description />
                <FieldType>Choice</FieldType>
                <Validators />
                <Formatter>
                  <Id />
                  <Name />
                </Formatter>
                <Verification>
                  <IsVerificationDisplayField>false</IsVerificationDisplayField>
                  <VerificationMode>Confirm</VerificationMode>
                  <CanChangeFieldValue>true</CanChangeFieldValue>
                  <ShowFieldValueIfNoMatch>false</ShowFieldValueIfNoMatch>
                </Verification>
                <IsInherited>true</IsInherited>
                <RequireManualFieldConfirmation>false</RequireManualFieldConfirmation>
                <AlwaysValid>false</AlwaysValid>
                <IsOverridden>false</IsOverridden>
                <IsFormatterOverridden>false</IsFormatterOverridden>
                <MonitorForAutomaticOnlineLearning>false</MonitorForAutomaticOnlineLearning>
                <Editable>false</Editable>
                <IsOptional>false</IsOptional>
                <FormatterInputs />
                <FieldGroupName />
                <FieldGroupId />
                <ExcludeFromAnalytics>true</ExcludeFromAnalytics>
                <MaskValueInAnalytics>false</MaskValueInAnalytics>
                <MaskImageForHiddenField>false</MaskImageForHiddenField>
                <DefaultValue xsi:type="xsd:string" />
                <ChoiceItemsSource />
                <Lookup>
                  <Id>6500E50C720142339CA9A5AD2B5B9D35</Id>
                  <Name>Employment Status</Name>
                </Lookup>
              </CaptureField>
            </Fields>
            <ResourceACL>
              <ResourceIdentity>
                <Id>7DF43CCDF24611D2804B00104B71BD15</Id>
                <AutomaticallyPopulate>true</AutomaticallyPopulate>
                <Name />
                <ResourceType>Worker</ResourceType>
                <EmailAddress />
                <UserId />
                <ManagerialLevel>0</ManagerialLevel>
              </ResourceIdentity>
            </ResourceACL>
            <ImageRedactionZones />
            <IsInherited>true</IsInherited>
            <MaskImageForHiddenFields>false</MaskImageForHiddenFields>
          </FieldGroup>
          <FieldGroup>
            <Identity>
              <Id>21AC9A79328AB7D4F81CC8484C909A35</Id>
            </Identity>
            <Name>Application</Name>
            <Fields>
              <CaptureField xsi:type="SimpleField">
                <Identity>
                  <Id>6BD520BAE43115AAB6A0E627FA73351C</Id>
                  <Name />
                </Identity>
                <Name>Amount</Name>
                <DisplayName>Amount</DisplayName>
                <Description />
                <FieldType>Number</FieldType>
                <Validators />
                <Formatter>
                  <Id>6CF7C2345ED84D20903E8A707156FAA5</Id>
                  <Name>Default Amount Formatter</Name>
                </Formatter>
                <Verification>
                  <IsVerificationDisplayField>false</IsVerificationDisplayField>
                  <VerificationMode>Confirm</VerificationMode>
                  <CanChangeFieldValue>true</CanChangeFieldValue>
                  <ShowFieldValueIfNoMatch>false</ShowFieldValueIfNoMatch>
                </Verification>
                <IsInherited>true</IsInherited>
                <RequireManualFieldConfirmation>false</RequireManualFieldConfirmation>
                <AlwaysValid>false</AlwaysValid>
                <IsOverridden>false</IsOverridden>
                <IsFormatterOverridden>false</IsFormatterOverridden>
                <MonitorForAutomaticOnlineLearning>false</MonitorForAutomaticOnlineLearning>
                <Editable>false</Editable>
                <IsOptional>false</IsOptional>
                <FormatterInputs />
                <FieldGroupName />
                <FieldGroupId />
                <ExcludeFromAnalytics>true</ExcludeFromAnalytics>
                <MaskValueInAnalytics>false</MaskValueInAnalytics>
                <MaskImageForHiddenField>false</MaskImageForHiddenField>
                <DefaultValue xsi:type="xsd:int">0</DefaultValue>
                <ChoiceItemsSource />
                <Lookup />
              </CaptureField>
              <CaptureField xsi:type="SimpleField">
                <Identity>
                  <Id>2B562AC0D44CA327497A23C61B87C17D</Id>
                  <Name />
                </Identity>
                <Name>BarcodeValue</Name>
                <DisplayName>Barcode Value</DisplayName>
                <Description />
                <FieldType>Text</FieldType>
                <Validators />
                <Formatter>
                  <Id />
                  <Name />
                </Formatter>
                <Verification>
                  <IsVerificationDisplayField>false</IsVerificationDisplayField>
                  <VerificationMode>Confirm</VerificationMode>
                  <CanChangeFieldValue>true</CanChangeFieldValue>
                  <ShowFieldValueIfNoMatch>false</ShowFieldValueIfNoMatch>
                </Verification>
                <IsInherited>true</IsInherited>
                <RequireManualFieldConfirmation>false</RequireManualFieldConfirmation>
                <AlwaysValid>false</AlwaysValid>
                <IsOverridden>false</IsOverridden>
                <IsFormatterOverridden>false</IsFormatterOverridden>
                <MonitorForAutomaticOnlineLearning>false</MonitorForAutomaticOnlineLearning>
                <Editable>false</Editable>
                <IsOptional>false</IsOptional>
                <FormatterInputs />
                <FieldGroupName />
                <FieldGroupId />
                <ExcludeFromAnalytics>true</ExcludeFromAnalytics>
                <MaskValueInAnalytics>false</MaskValueInAnalytics>
                <MaskImageForHiddenField>false</MaskImageForHiddenField>
                <DefaultValue xsi:type="xsd:string" />
                <ChoiceItemsSource />
                <Lookup />
              </CaptureField>
            </Fields>
            <ResourceACL>
              <ResourceIdentity>
                <Id>7DF43CCDF24611D2804B00104B71BD15</Id>
                <AutomaticallyPopulate>true</AutomaticallyPopulate>
                <Name />
                <ResourceType>Worker</ResourceType>
                <EmailAddress />
                <UserId />
                <ManagerialLevel>0</ManagerialLevel>
              </ResourceIdentity>
            </ResourceACL>
            <ImageRedactionZones />
            <IsInherited>true</IsInherited>
            <MaskImageForHiddenFields>false</MaskImageForHiddenFields>
          </FieldGroup>
        </FieldGroups>
        <FieldValidators />
        <DocumentTypeValidator>
          <Identity>
            <Id />
            <Name />
          </Identity>
          <DocumentStandardValidator>
            <Identity>
              <Id />
              <Name />
            </Identity>
            <FailureMessage />
            <NumberOfPages>0</NumberOfPages>
            <PageCountLevel>Exactly</PageCountLevel>
          </DocumentStandardValidator>
          <DocumentValidators />
        </DocumentTypeValidator>
        <ParentDocumentType>
          <Id>C8509CDAC9A7E7F2077C22051B479D8B</Id>
          <Version>3</Version>
          <Name />
        </ParentDocumentType>
        <HasStandardValidator>false</HasStandardValidator>
        <PdfSettings>
          <Title />
          <SkipFirstPage>false</SkipFirstPage>
          <Subject />
          <Author />
          <Keywords />
          <Application />
          <Producer />
        </PdfSettings>
        <NameTemplate>[DocumentType]</NameTemplate>
        <OnlineLearningFolderId />
        <AutomaticOnlineLearningEnabled>false</AutomaticOnlineLearningEnabled>
        <Forms>
          <ScanForm>
            <Id />
            <AutomaticallyPopulate>true</AutomaticallyPopulate>
            <Version>0</Version>
          </ScanForm>
          <ValidationForm>
            <Id />
            <AutomaticallyPopulate>true</AutomaticallyPopulate>
            <Version>0</Version>
          </ValidationForm>
          <VerificationForm>
            <Id />
            <AutomaticallyPopulate>true</AutomaticallyPopulate>
            <Version>0</Version>
          </VerificationForm>
          <DocumentReviewForm>
            <Id />
            <AutomaticallyPopulate>true</AutomaticallyPopulate>
            <Version>0</Version>
          </DocumentReviewForm>
        </Forms>
        <AvailableForManualClassification>true</AvailableForManualClassification>
        <TableFieldExportDelimiter>;</TableFieldExportDelimiter>
        <IsTemplateImageOverriden>false</IsTemplateImageOverriden>
        <MonitorForClassificationOnlineLearning>true</MonitorForClassificationOnlineLearning>
        <PostValidationHandler>
          <IsPostValidationHandlingEnabled>false</IsPostValidationHandlingEnabled>
          <ProcessIdentity>
            <Id />
            <AutomaticallyPopulate>true</AutomaticallyPopulate>
            <Version>0</Version>
            <Name />
          </ProcessIdentity>
        </PostValidationHandler>
        <IsPartial>false</IsPartial>
      </DocumentType>
      <DocumentType>
        <Identity>
          <Id>A40E4CF6DBF42F85FAEBB95BA57058FE</Id>
          <Version>3</Version>
          <Name>Standard</Name>
        </Identity>
        <Name>Standard</Name>
        <Description />
        <Status>Released</Status>
        <FieldGroups>
          <FieldGroup>
            <Identity>
              <Id>424F0C312002ADE6968E335B55058ED3</Id>
            </Identity>
            <Name>Customer</Name>
            <Fields>
              <CaptureField xsi:type="SimpleField">
                <Identity>
                  <Id>FBBDD3732F01AB1E037764687E456A24</Id>
                  <Name />
                </Identity>
                <Name>FirstName</Name>
                <DisplayName>First Name</DisplayName>
                <Description />
                <FieldType>Text</FieldType>
                <Validators />
                <Formatter>
                  <Id />
                  <Name />
                </Formatter>
                <Verification>
                  <IsVerificationDisplayField>false</IsVerificationDisplayField>
                  <VerificationMode>Confirm</VerificationMode>
                  <CanChangeFieldValue>true</CanChangeFieldValue>
                  <ShowFieldValueIfNoMatch>false</ShowFieldValueIfNoMatch>
                </Verification>
                <IsInherited>true</IsInherited>
                <RequireManualFieldConfirmation>false</RequireManualFieldConfirmation>
                <AlwaysValid>false</AlwaysValid>
                <IsOverridden>false</IsOverridden>
                <IsFormatterOverridden>false</IsFormatterOverridden>
                <MonitorForAutomaticOnlineLearning>false</MonitorForAutomaticOnlineLearning>
                <Editable>false</Editable>
                <IsOptional>false</IsOptional>
                <FormatterInputs />
                <FieldGroupName />
                <FieldGroupId />
                <ExcludeFromAnalytics>true</ExcludeFromAnalytics>
                <MaskValueInAnalytics>false</MaskValueInAnalytics>
                <MaskImageForHiddenField>false</MaskImageForHiddenField>
                <DefaultValue xsi:type="xsd:string" />
                <ChoiceItemsSource />
                <Lookup />
              </CaptureField>
              <CaptureField xsi:type="SimpleField">
                <Identity>
                  <Id>E450E3C63729E40FAC7539011568D60A</Id>
                  <Name />
                </Identity>
                <Name>LastName</Name>
                <DisplayName>Last Name</DisplayName>
                <Description />
                <FieldType>Text</FieldType>
                <Validators />
                <Formatter>
                  <Id />
                  <Name />
                </Formatter>
                <Verification>
                  <IsVerificationDisplayField>false</IsVerificationDisplayField>
                  <VerificationMode>Confirm</VerificationMode>
                  <CanChangeFieldValue>true</CanChangeFieldValue>
                  <ShowFieldValueIfNoMatch>false</ShowFieldValueIfNoMatch>
                </Verification>
                <IsInherited>true</IsInherited>
                <RequireManualFieldConfirmation>false</RequireManualFieldConfirmation>
                <AlwaysValid>false</AlwaysValid>
                <IsOverridden>false</IsOverridden>
                <IsFormatterOverridden>false</IsFormatterOverridden>
                <MonitorForAutomaticOnlineLearning>false</MonitorForAutomaticOnlineLearning>
                <Editable>false</Editable>
                <IsOptional>false</IsOptional>
                <FormatterInputs />
                <FieldGroupName />
                <FieldGroupId />
                <ExcludeFromAnalytics>true</ExcludeFromAnalytics>
                <MaskValueInAnalytics>false</MaskValueInAnalytics>
                <MaskImageForHiddenField>false</MaskImageForHiddenField>
                <DefaultValue xsi:type="xsd:string" />
                <ChoiceItemsSource />
                <Lookup />
              </CaptureField>
              <CaptureField xsi:type="SimpleField">
                <Identity>
                  <Id>A3ED53C7DF889B725E66764685FC3F75</Id>
                  <Name />
                </Identity>
                <Name>Address</Name>
                <DisplayName>Address</DisplayName>
                <Description />
                <FieldType>Text</FieldType>
                <Validators />
                <Formatter>
                  <Id />
                  <Name />
                </Formatter>
                <Verification>
                  <IsVerificationDisplayField>false</IsVerificationDisplayField>
                  <VerificationMode>Confirm</VerificationMode>
                  <CanChangeFieldValue>true</CanChangeFieldValue>
                  <ShowFieldValueIfNoMatch>false</ShowFieldValueIfNoMatch>
                </Verification>
                <IsInherited>true</IsInherited>
                <RequireManualFieldConfirmation>false</RequireManualFieldConfirmation>
                <AlwaysValid>false</AlwaysValid>
                <IsOverridden>false</IsOverridden>
                <IsFormatterOverridden>false</IsFormatterOverridden>
                <MonitorForAutomaticOnlineLearning>false</MonitorForAutomaticOnlineLearning>
                <Editable>false</Editable>
                <IsOptional>false</IsOptional>
                <FormatterInputs />
                <FieldGroupName />
                <FieldGroupId />
                <ExcludeFromAnalytics>true</ExcludeFromAnalytics>
                <MaskValueInAnalytics>false</MaskValueInAnalytics>
                <MaskImageForHiddenField>false</MaskImageForHiddenField>
                <DefaultValue xsi:type="xsd:string" />
                <ChoiceItemsSource />
                <Lookup />
              </CaptureField>
              <CaptureField xsi:type="SimpleField">
                <Identity>
                  <Id>8881F536B1234B6E400D4E721917A7CC</Id>
                  <Name />
                </Identity>
                <Name>State</Name>
                <DisplayName>State</DisplayName>
                <Description />
                <FieldType>Text</FieldType>
                <Validators />
                <Formatter>
                  <Id />
                  <Name />
                </Formatter>
                <Verification>
                  <IsVerificationDisplayField>false</IsVerificationDisplayField>
                  <VerificationMode>Confirm</VerificationMode>
                  <CanChangeFieldValue>true</CanChangeFieldValue>
                  <ShowFieldValueIfNoMatch>false</ShowFieldValueIfNoMatch>
                </Verification>
                <IsInherited>true</IsInherited>
                <RequireManualFieldConfirmation>false</RequireManualFieldConfirmation>
                <AlwaysValid>false</AlwaysValid>
                <IsOverridden>false</IsOverridden>
                <IsFormatterOverridden>false</IsFormatterOverridden>
                <MonitorForAutomaticOnlineLearning>false</MonitorForAutomaticOnlineLearning>
                <Editable>false</Editable>
                <IsOptional>false</IsOptional>
                <FormatterInputs />
                <FieldGroupName />
                <FieldGroupId />
                <ExcludeFromAnalytics>true</ExcludeFromAnalytics>
                <MaskValueInAnalytics>false</MaskValueInAnalytics>
                <MaskImageForHiddenField>false</MaskImageForHiddenField>
                <DefaultValue xsi:type="xsd:string" />
                <ChoiceItemsSource />
                <Lookup />
              </CaptureField>
              <CaptureField xsi:type="SimpleField">
                <Identity>
                  <Id>C050C3B2A3168482D8F097693E52223E</Id>
                  <Name />
                </Identity>
                <Name>ZipCode</Name>
                <DisplayName>Zip Code</DisplayName>
                <Description />
                <FieldType>Text</FieldType>
                <Validators />
                <Formatter>
                  <Id />
                  <Name />
                </Formatter>
                <Verification>
                  <IsVerificationDisplayField>false</IsVerificationDisplayField>
                  <VerificationMode>Confirm</VerificationMode>
                  <CanChangeFieldValue>true</CanChangeFieldValue>
                  <ShowFieldValueIfNoMatch>false</ShowFieldValueIfNoMatch>
                </Verification>
                <IsInherited>true</IsInherited>
                <RequireManualFieldConfirmation>false</RequireManualFieldConfirmation>
                <AlwaysValid>false</AlwaysValid>
                <IsOverridden>false</IsOverridden>
                <IsFormatterOverridden>false</IsFormatterOverridden>
                <MonitorForAutomaticOnlineLearning>false</MonitorForAutomaticOnlineLearning>
                <Editable>false</Editable>
                <IsOptional>false</IsOptional>
                <FormatterInputs />
                <FieldGroupName />
                <FieldGroupId />
                <ExcludeFromAnalytics>true</ExcludeFromAnalytics>
                <MaskValueInAnalytics>false</MaskValueInAnalytics>
                <MaskImageForHiddenField>false</MaskImageForHiddenField>
                <DefaultValue xsi:type="xsd:string" />
                <ChoiceItemsSource />
                <Lookup />
              </CaptureField>
              <CaptureField xsi:type="SimpleField">
                <Identity>
                  <Id>D997588DAFF3D011A6F4B420EDD87D92</Id>
                  <Name />
                </Identity>
                <Name>EmploymentStatus</Name>
                <DisplayName>Employment Status</DisplayName>
                <Description />
                <FieldType>Choice</FieldType>
                <Validators />
                <Formatter>
                  <Id />
                  <Name />
                </Formatter>
                <Verification>
                  <IsVerificationDisplayField>false</IsVerificationDisplayField>
                  <VerificationMode>Confirm</VerificationMode>
                  <CanChangeFieldValue>true</CanChangeFieldValue>
                  <ShowFieldValueIfNoMatch>false</ShowFieldValueIfNoMatch>
                </Verification>
                <IsInherited>true</IsInherited>
                <RequireManualFieldConfirmation>false</RequireManualFieldConfirmation>
                <AlwaysValid>false</AlwaysValid>
                <IsOverridden>false</IsOverridden>
                <IsFormatterOverridden>false</IsFormatterOverridden>
                <MonitorForAutomaticOnlineLearning>false</MonitorForAutomaticOnlineLearning>
                <Editable>false</Editable>
                <IsOptional>false</IsOptional>
                <FormatterInputs />
                <FieldGroupName />
                <FieldGroupId />
                <ExcludeFromAnalytics>true</ExcludeFromAnalytics>
                <MaskValueInAnalytics>false</MaskValueInAnalytics>
                <MaskImageForHiddenField>false</MaskImageForHiddenField>
                <DefaultValue xsi:type="xsd:string" />
                <ChoiceItemsSource />
                <Lookup>
                  <Id>6500E50C720142339CA9A5AD2B5B9D35</Id>
                  <Name>Employment Status</Name>
                </Lookup>
              </CaptureField>
            </Fields>
            <ResourceACL>
              <ResourceIdentity>
                <Id>7DF43CCDF24611D2804B00104B71BD15</Id>
                <AutomaticallyPopulate>true</AutomaticallyPopulate>
                <Name />
                <ResourceType>Worker</ResourceType>
                <EmailAddress />
                <UserId />
                <ManagerialLevel>0</ManagerialLevel>
              </ResourceIdentity>
            </ResourceACL>
            <ImageRedactionZones />
            <IsInherited>true</IsInherited>
            <MaskImageForHiddenFields>false</MaskImageForHiddenFields>
          </FieldGroup>
          <FieldGroup>
            <Identity>
              <Id>21AC9A79328AB7D4F81CC8484C909A35</Id>
            </Identity>
            <Name>Application</Name>
            <Fields>
              <CaptureField xsi:type="SimpleField">
                <Identity>
                  <Id>6BD520BAE43115AAB6A0E627FA73351C</Id>
                  <Name />
                </Identity>
                <Name>Amount</Name>
                <DisplayName>Amount</DisplayName>
                <Description />
                <FieldType>Number</FieldType>
                <Validators />
                <Formatter>
                  <Id>6CF7C2345ED84D20903E8A707156FAA5</Id>
                  <Name>Default Amount Formatter</Name>
                </Formatter>
                <Verification>
                  <IsVerificationDisplayField>false</IsVerificationDisplayField>
                  <VerificationMode>Confirm</VerificationMode>
                  <CanChangeFieldValue>true</CanChangeFieldValue>
                  <ShowFieldValueIfNoMatch>false</ShowFieldValueIfNoMatch>
                </Verification>
                <IsInherited>true</IsInherited>
                <RequireManualFieldConfirmation>false</RequireManualFieldConfirmation>
                <AlwaysValid>false</AlwaysValid>
                <IsOverridden>false</IsOverridden>
                <IsFormatterOverridden>false</IsFormatterOverridden>
                <MonitorForAutomaticOnlineLearning>false</MonitorForAutomaticOnlineLearning>
                <Editable>false</Editable>
                <IsOptional>false</IsOptional>
                <FormatterInputs />
                <FieldGroupName />
                <FieldGroupId />
                <ExcludeFromAnalytics>true</ExcludeFromAnalytics>
                <MaskValueInAnalytics>false</MaskValueInAnalytics>
                <MaskImageForHiddenField>false</MaskImageForHiddenField>
                <DefaultValue xsi:type="xsd:int">0</DefaultValue>
                <ChoiceItemsSource />
                <Lookup />
              </CaptureField>
              <CaptureField xsi:type="SimpleField">
                <Identity>
                  <Id>2B562AC0D44CA327497A23C61B87C17D</Id>
                  <Name />
                </Identity>
                <Name>BarcodeValue</Name>
                <DisplayName>Barcode Value</DisplayName>
                <Description />
                <FieldType>Text</FieldType>
                <Validators />
                <Formatter>
                  <Id />
                  <Name />
                </Formatter>
                <Verification>
                  <IsVerificationDisplayField>false</IsVerificationDisplayField>
                  <VerificationMode>Confirm</VerificationMode>
                  <CanChangeFieldValue>true</CanChangeFieldValue>
                  <ShowFieldValueIfNoMatch>false</ShowFieldValueIfNoMatch>
                </Verification>
                <IsInherited>true</IsInherited>
                <RequireManualFieldConfirmation>false</RequireManualFieldConfirmation>
                <AlwaysValid>false</AlwaysValid>
                <IsOverridden>false</IsOverridden>
                <IsFormatterOverridden>false</IsFormatterOverridden>
                <MonitorForAutomaticOnlineLearning>false</MonitorForAutomaticOnlineLearning>
                <Editable>false</Editable>
                <IsOptional>false</IsOptional>
                <FormatterInputs />
                <FieldGroupName />
                <FieldGroupId />
                <ExcludeFromAnalytics>true</ExcludeFromAnalytics>
                <MaskValueInAnalytics>false</MaskValueInAnalytics>
                <MaskImageForHiddenField>false</MaskImageForHiddenField>
                <DefaultValue xsi:type="xsd:string" />
                <ChoiceItemsSource />
                <Lookup />
              </CaptureField>
            </Fields>
            <ResourceACL>
              <ResourceIdentity>
                <Id>7DF43CCDF24611D2804B00104B71BD15</Id>
                <AutomaticallyPopulate>true</AutomaticallyPopulate>
                <Name />
                <ResourceType>Worker</ResourceType>
                <EmailAddress />
                <UserId />
                <ManagerialLevel>0</ManagerialLevel>
              </ResourceIdentity>
            </ResourceACL>
            <ImageRedactionZones />
            <IsInherited>true</IsInherited>
            <MaskImageForHiddenFields>false</MaskImageForHiddenFields>
          </FieldGroup>
        </FieldGroups>
        <FieldValidators />
        <DocumentTypeValidator>
          <Identity>
            <Id />
            <Name />
          </Identity>
          <DocumentStandardValidator>
            <Identity>
              <Id />
              <Name />
            </Identity>
            <FailureMessage />
            <NumberOfPages>0</NumberOfPages>
            <PageCountLevel>Exactly</PageCountLevel>
          </DocumentStandardValidator>
          <DocumentValidators />
        </DocumentTypeValidator>
        <ParentDocumentType>
          <Id>C8509CDAC9A7E7F2077C22051B479D8B</Id>
          <Version>3</Version>
          <Name />
        </ParentDocumentType>
        <HasStandardValidator>false</HasStandardValidator>
        <PdfSettings>
          <Title />
          <SkipFirstPage>false</SkipFirstPage>
          <Subject />
          <Author />
          <Keywords />
          <Application />
          <Producer />
        </PdfSettings>
        <NameTemplate>[DocumentType]</NameTemplate>
        <OnlineLearningFolderId />
        <AutomaticOnlineLearningEnabled>false</AutomaticOnlineLearningEnabled>
        <Forms>
          <ScanForm>
            <Id />
            <AutomaticallyPopulate>true</AutomaticallyPopulate>
            <Version>0</Version>
          </ScanForm>
          <ValidationForm>
            <Id />
            <AutomaticallyPopulate>true</AutomaticallyPopulate>
            <Version>0</Version>
          </ValidationForm>
          <VerificationForm>
            <Id />
            <AutomaticallyPopulate>true</AutomaticallyPopulate>
            <Version>0</Version>
          </VerificationForm>
          <DocumentReviewForm>
            <Id />
            <AutomaticallyPopulate>true</AutomaticallyPopulate>
            <Version>0</Version>
          </DocumentReviewForm>
        </Forms>
        <AvailableForManualClassification>true</AvailableForManualClassification>
        <TableFieldExportDelimiter>;</TableFieldExportDelimiter>
        <IsTemplateImageOverriden>false</IsTemplateImageOverriden>
        <MonitorForClassificationOnlineLearning>false</MonitorForClassificationOnlineLearning>
        <PostValidationHandler>
          <IsPostValidationHandlingEnabled>false</IsPostValidationHandlingEnabled>
          <ProcessIdentity>
            <Id />
            <AutomaticallyPopulate>true</AutomaticallyPopulate>
            <Version>0</Version>
            <Name />
          </ProcessIdentity>
        </PostValidationHandler>
        <IsPartial>false</IsPartial>
      </DocumentType>
      <DocumentType>
        <Identity>
          <Id>C8509CDAC9A7E7F2077C22051B479D8B</Id>
          <Version>3</Version>
          <Name>Personal Loans</Name>
        </Identity>
        <Name>Personal Loans</Name>
        <Description />
        <Status>Released</Status>
        <FieldGroups>
          <FieldGroup>
            <Identity>
              <Id>424F0C312002ADE6968E335B55058ED3</Id>
            </Identity>
            <Name>Customer</Name>
            <Fields>
              <CaptureField xsi:type="SimpleField">
                <Identity>
                  <Id>FBBDD3732F01AB1E037764687E456A24</Id>
                  <Name />
                </Identity>
                <Name>FirstName</Name>
                <DisplayName>First Name</DisplayName>
                <Description />
                <FieldType>Text</FieldType>
                <Validators />
                <Formatter>
                  <Id />
                  <Name />
                </Formatter>
                <Verification>
                  <IsVerificationDisplayField>false</IsVerificationDisplayField>
                  <VerificationMode>Confirm</VerificationMode>
                  <CanChangeFieldValue>true</CanChangeFieldValue>
                  <ShowFieldValueIfNoMatch>false</ShowFieldValueIfNoMatch>
                </Verification>
                <IsInherited>false</IsInherited>
                <RequireManualFieldConfirmation>false</RequireManualFieldConfirmation>
                <AlwaysValid>false</AlwaysValid>
                <IsOverridden>false</IsOverridden>
                <IsFormatterOverridden>false</IsFormatterOverridden>
                <MonitorForAutomaticOnlineLearning>false</MonitorForAutomaticOnlineLearning>
                <Editable>false</Editable>
                <IsOptional>false</IsOptional>
                <FormatterInputs />
                <FieldGroupName />
                <FieldGroupId />
                <ExcludeFromAnalytics>true</ExcludeFromAnalytics>
                <MaskValueInAnalytics>false</MaskValueInAnalytics>
                <MaskImageForHiddenField>false</MaskImageForHiddenField>
                <DefaultValue xsi:type="xsd:string" />
                <ChoiceItemsSource />
                <Lookup />
              </CaptureField>
              <CaptureField xsi:type="SimpleField">
                <Identity>
                  <Id>E450E3C63729E40FAC7539011568D60A</Id>
                  <Name />
                </Identity>
                <Name>LastName</Name>
                <DisplayName>Last Name</DisplayName>
                <Description />
                <FieldType>Text</FieldType>
                <Validators />
                <Formatter>
                  <Id />
                  <Name />
                </Formatter>
                <Verification>
                  <IsVerificationDisplayField>false</IsVerificationDisplayField>
                  <VerificationMode>Confirm</VerificationMode>
                  <CanChangeFieldValue>true</CanChangeFieldValue>
                  <ShowFieldValueIfNoMatch>false</ShowFieldValueIfNoMatch>
                </Verification>
                <IsInherited>false</IsInherited>
                <RequireManualFieldConfirmation>false</RequireManualFieldConfirmation>
                <AlwaysValid>false</AlwaysValid>
                <IsOverridden>false</IsOverridden>
                <IsFormatterOverridden>false</IsFormatterOverridden>
                <MonitorForAutomaticOnlineLearning>false</MonitorForAutomaticOnlineLearning>
                <Editable>false</Editable>
                <IsOptional>false</IsOptional>
                <FormatterInputs />
                <FieldGroupName />
                <FieldGroupId />
                <ExcludeFromAnalytics>true</ExcludeFromAnalytics>
                <MaskValueInAnalytics>false</MaskValueInAnalytics>
                <MaskImageForHiddenField>false</MaskImageForHiddenField>
                <DefaultValue xsi:type="xsd:string" />
                <ChoiceItemsSource />
                <Lookup />
              </CaptureField>
              <CaptureField xsi:type="SimpleField">
                <Identity>
                  <Id>A3ED53C7DF889B725E66764685FC3F75</Id>
                  <Name />
                </Identity>
                <Name>Address</Name>
                <DisplayName>Address</DisplayName>
                <Description />
                <FieldType>Text</FieldType>
                <Validators />
                <Formatter>
                  <Id />
                  <Name />
                </Formatter>
                <Verification>
                  <IsVerificationDisplayField>false</IsVerificationDisplayField>
                  <VerificationMode>Confirm</VerificationMode>
                  <CanChangeFieldValue>true</CanChangeFieldValue>
                  <ShowFieldValueIfNoMatch>false</ShowFieldValueIfNoMatch>
                </Verification>
                <IsInherited>false</IsInherited>
                <RequireManualFieldConfirmation>false</RequireManualFieldConfirmation>
                <AlwaysValid>false</AlwaysValid>
                <IsOverridden>false</IsOverridden>
                <IsFormatterOverridden>false</IsFormatterOverridden>
                <MonitorForAutomaticOnlineLearning>false</MonitorForAutomaticOnlineLearning>
                <Editable>false</Editable>
                <IsOptional>false</IsOptional>
                <FormatterInputs />
                <FieldGroupName />
                <FieldGroupId />
                <ExcludeFromAnalytics>true</ExcludeFromAnalytics>
                <MaskValueInAnalytics>false</MaskValueInAnalytics>
                <MaskImageForHiddenField>false</MaskImageForHiddenField>
                <DefaultValue xsi:type="xsd:string" />
                <ChoiceItemsSource />
                <Lookup />
              </CaptureField>
              <CaptureField xsi:type="SimpleField">
                <Identity>
                  <Id>8881F536B1234B6E400D4E721917A7CC</Id>
                  <Name />
                </Identity>
                <Name>State</Name>
                <DisplayName>State</DisplayName>
                <Description />
                <FieldType>Text</FieldType>
                <Validators />
                <Formatter>
                  <Id />
                  <Name />
                </Formatter>
                <Verification>
                  <IsVerificationDisplayField>false</IsVerificationDisplayField>
                  <VerificationMode>Confirm</VerificationMode>
                  <CanChangeFieldValue>true</CanChangeFieldValue>
                  <ShowFieldValueIfNoMatch>false</ShowFieldValueIfNoMatch>
                </Verification>
                <IsInherited>false</IsInherited>
                <RequireManualFieldConfirmation>false</RequireManualFieldConfirmation>
                <AlwaysValid>false</AlwaysValid>
                <IsOverridden>false</IsOverridden>
                <IsFormatterOverridden>false</IsFormatterOverridden>
                <MonitorForAutomaticOnlineLearning>false</MonitorForAutomaticOnlineLearning>
                <Editable>false</Editable>
                <IsOptional>false</IsOptional>
                <FormatterInputs />
                <FieldGroupName />
                <FieldGroupId />
                <ExcludeFromAnalytics>true</ExcludeFromAnalytics>
                <MaskValueInAnalytics>false</MaskValueInAnalytics>
                <MaskImageForHiddenField>false</MaskImageForHiddenField>
                <DefaultValue xsi:type="xsd:string" />
                <ChoiceItemsSource />
                <Lookup />
              </CaptureField>
              <CaptureField xsi:type="SimpleField">
                <Identity>
                  <Id>C050C3B2A3168482D8F097693E52223E</Id>
                  <Name />
                </Identity>
                <Name>ZipCode</Name>
                <DisplayName>Zip Code</DisplayName>
                <Description />
                <FieldType>Text</FieldType>
                <Validators />
                <Formatter>
                  <Id />
                  <Name />
                </Formatter>
                <Verification>
                  <IsVerificationDisplayField>false</IsVerificationDisplayField>
                  <VerificationMode>Confirm</VerificationMode>
                  <CanChangeFieldValue>true</CanChangeFieldValue>
                  <ShowFieldValueIfNoMatch>false</ShowFieldValueIfNoMatch>
                </Verification>
                <IsInherited>false</IsInherited>
                <RequireManualFieldConfirmation>false</RequireManualFieldConfirmation>
                <AlwaysValid>false</AlwaysValid>
                <IsOverridden>false</IsOverridden>
                <IsFormatterOverridden>false</IsFormatterOverridden>
                <MonitorForAutomaticOnlineLearning>false</MonitorForAutomaticOnlineLearning>
                <Editable>false</Editable>
                <IsOptional>false</IsOptional>
                <FormatterInputs />
                <FieldGroupName />
                <FieldGroupId />
                <ExcludeFromAnalytics>true</ExcludeFromAnalytics>
                <MaskValueInAnalytics>false</MaskValueInAnalytics>
                <MaskImageForHiddenField>false</MaskImageForHiddenField>
                <DefaultValue xsi:type="xsd:string" />
                <ChoiceItemsSource />
                <Lookup />
              </CaptureField>
              <CaptureField xsi:type="SimpleField">
                <Identity>
                  <Id>D997588DAFF3D011A6F4B420EDD87D92</Id>
                  <Name />
                </Identity>
                <Name>EmploymentStatus</Name>
                <DisplayName>Employment Status</DisplayName>
                <Description />
                <FieldType>Choice</FieldType>
                <Validators />
                <Formatter>
                  <Id />
                  <Name />
                </Formatter>
                <Verification>
                  <IsVerificationDisplayField>false</IsVerificationDisplayField>
                  <VerificationMode>Confirm</VerificationMode>
                  <CanChangeFieldValue>true</CanChangeFieldValue>
                  <ShowFieldValueIfNoMatch>false</ShowFieldValueIfNoMatch>
                </Verification>
                <IsInherited>false</IsInherited>
                <RequireManualFieldConfirmation>false</RequireManualFieldConfirmation>
                <AlwaysValid>false</AlwaysValid>
                <IsOverridden>false</IsOverridden>
                <IsFormatterOverridden>false</IsFormatterOverridden>
                <MonitorForAutomaticOnlineLearning>false</MonitorForAutomaticOnlineLearning>
                <Editable>false</Editable>
                <IsOptional>false</IsOptional>
                <FormatterInputs />
                <FieldGroupName />
                <FieldGroupId />
                <ExcludeFromAnalytics>true</ExcludeFromAnalytics>
                <MaskValueInAnalytics>false</MaskValueInAnalytics>
                <MaskImageForHiddenField>false</MaskImageForHiddenField>
                <DefaultValue xsi:type="xsd:string" />
                <ChoiceItemsSource />
                <Lookup>
                  <Id>6500E50C720142339CA9A5AD2B5B9D35</Id>
                  <Name>Employment Status</Name>
                </Lookup>
              </CaptureField>
            </Fields>
            <ResourceACL>
              <ResourceIdentity>
                <Id>7DF43CCDF24611D2804B00104B71BD15</Id>
                <AutomaticallyPopulate>true</AutomaticallyPopulate>
                <Name />
                <ResourceType>Worker</ResourceType>
                <EmailAddress />
                <UserId />
                <ManagerialLevel>0</ManagerialLevel>
              </ResourceIdentity>
            </ResourceACL>
            <ImageRedactionZones />
            <IsInherited>false</IsInherited>
            <MaskImageForHiddenFields>false</MaskImageForHiddenFields>
          </FieldGroup>
          <FieldGroup>
            <Identity>
              <Id>21AC9A79328AB7D4F81CC8484C909A35</Id>
            </Identity>
            <Name>Application</Name>
            <Fields>
              <CaptureField xsi:type="SimpleField">
                <Identity>
                  <Id>6BD520BAE43115AAB6A0E627FA73351C</Id>
                  <Name />
                </Identity>
                <Name>Amount</Name>
                <DisplayName>Amount</DisplayName>
                <Description />
                <FieldType>Number</FieldType>
                <Validators />
                <Formatter>
                  <Id>6CF7C2345ED84D20903E8A707156FAA5</Id>
                  <Name>Default Amount Formatter</Name>
                </Formatter>
                <Verification>
                  <IsVerificationDisplayField>false</IsVerificationDisplayField>
                  <VerificationMode>Confirm</VerificationMode>
                  <CanChangeFieldValue>true</CanChangeFieldValue>
                  <ShowFieldValueIfNoMatch>false</ShowFieldValueIfNoMatch>
                </Verification>
                <IsInherited>false</IsInherited>
                <RequireManualFieldConfirmation>false</RequireManualFieldConfirmation>
                <AlwaysValid>false</AlwaysValid>
                <IsOverridden>false</IsOverridden>
                <IsFormatterOverridden>false</IsFormatterOverridden>
                <MonitorForAutomaticOnlineLearning>false</MonitorForAutomaticOnlineLearning>
                <Editable>false</Editable>
                <IsOptional>false</IsOptional>
                <FormatterInputs />
                <FieldGroupName />
                <FieldGroupId />
                <ExcludeFromAnalytics>true</ExcludeFromAnalytics>
                <MaskValueInAnalytics>false</MaskValueInAnalytics>
                <MaskImageForHiddenField>false</MaskImageForHiddenField>
                <DefaultValue xsi:type="xsd:int">0</DefaultValue>
                <ChoiceItemsSource />
                <Lookup />
              </CaptureField>
              <CaptureField xsi:type="SimpleField">
                <Identity>
                  <Id>2B562AC0D44CA327497A23C61B87C17D</Id>
                  <Name />
                </Identity>
                <Name>BarcodeValue</Name>
                <DisplayName>Barcode Value</DisplayName>
                <Description />
                <FieldType>Text</FieldType>
                <Validators />
                <Formatter>
                  <Id />
                  <Name />
                </Formatter>
                <Verification>
                  <IsVerificationDisplayField>false</IsVerificationDisplayField>
                  <VerificationMode>Confirm</VerificationMode>
                  <CanChangeFieldValue>true</CanChangeFieldValue>
                  <ShowFieldValueIfNoMatch>false</ShowFieldValueIfNoMatch>
                </Verification>
                <IsInherited>false</IsInherited>
                <RequireManualFieldConfirmation>false</RequireManualFieldConfirmation>
                <AlwaysValid>false</AlwaysValid>
                <IsOverridden>false</IsOverridden>
                <IsFormatterOverridden>false</IsFormatterOverridden>
                <MonitorForAutomaticOnlineLearning>false</MonitorForAutomaticOnlineLearning>
                <Editable>false</Editable>
                <IsOptional>false</IsOptional>
                <FormatterInputs />
                <FieldGroupName />
                <FieldGroupId />
                <ExcludeFromAnalytics>true</ExcludeFromAnalytics>
                <MaskValueInAnalytics>false</MaskValueInAnalytics>
                <MaskImageForHiddenField>false</MaskImageForHiddenField>
                <DefaultValue xsi:type="xsd:string" />
                <ChoiceItemsSource />
                <Lookup />
              </CaptureField>
            </Fields>
            <ResourceACL>
              <ResourceIdentity>
                <Id>7DF43CCDF24611D2804B00104B71BD15</Id>
                <AutomaticallyPopulate>true</AutomaticallyPopulate>
                <Name />
                <ResourceType>Worker</ResourceType>
                <EmailAddress />
                <UserId />
                <ManagerialLevel>0</ManagerialLevel>
              </ResourceIdentity>
            </ResourceACL>
            <ImageRedactionZones />
            <IsInherited>false</IsInherited>
            <MaskImageForHiddenFields>false</MaskImageForHiddenFields>
          </FieldGroup>
        </FieldGroups>
        <FieldValidators />
        <DocumentTypeValidator>
          <Identity>
            <Id />
            <Name />
          </Identity>
          <DocumentStandardValidator>
            <Identity>
              <Id />
              <Name />
            </Identity>
            <FailureMessage />
            <NumberOfPages>0</NumberOfPages>
            <PageCountLevel>Exactly</PageCountLevel>
          </DocumentStandardValidator>
          <DocumentValidators />
        </DocumentTypeValidator>
        <ParentDocumentType>
          <Id>DAD7839298522B2C49A14FC853C9A5A8</Id>
          <Version>3</Version>
          <Name />
        </ParentDocumentType>
        <HasStandardValidator>false</HasStandardValidator>
        <PdfSettings>
          <Title />
          <SkipFirstPage>false</SkipFirstPage>
          <Subject />
          <Author />
          <Keywords />
          <Application />
          <Producer />
        </PdfSettings>
        <NameTemplate>[DocumentType]</NameTemplate>
        <OnlineLearningFolderId />
        <AutomaticOnlineLearningEnabled>false</AutomaticOnlineLearningEnabled>
        <Forms>
          <ScanForm>
            <Id />
            <AutomaticallyPopulate>true</AutomaticallyPopulate>
            <Version>0</Version>
          </ScanForm>
          <ValidationForm>
            <Id />
            <AutomaticallyPopulate>true</AutomaticallyPopulate>
            <Version>0</Version>
          </ValidationForm>
          <VerificationForm>
            <Id />
            <AutomaticallyPopulate>true</AutomaticallyPopulate>
            <Version>0</Version>
          </VerificationForm>
          <DocumentReviewForm>
            <Id />
            <AutomaticallyPopulate>true</AutomaticallyPopulate>
            <Version>0</Version>
          </DocumentReviewForm>
        </Forms>
        <AvailableForManualClassification>false</AvailableForManualClassification>
        <TableFieldExportDelimiter>;</TableFieldExportDelimiter>
        <TemplateImage>
          <Id />
          <Name />
          <AssetType>Image</AssetType>
          <AutomaticallyPopulate>true</AutomaticallyPopulate>
        </TemplateImage>
        <IsTemplateImageOverriden>false</IsTemplateImageOverriden>
        <MonitorForClassificationOnlineLearning>false</MonitorForClassificationOnlineLearning>
        <PostValidationHandler>
          <IsPostValidationHandlingEnabled>false</IsPostValidationHandlingEnabled>
          <ProcessIdentity>
            <Id />
            <AutomaticallyPopulate>true</AutomaticallyPopulate>
            <Version>0</Version>
            <Name />
          </ProcessIdentity>
        </PostValidationHandler>
        <IsPartial>false</IsPartial>
      </DocumentType>
      <DocumentType>
        <Identity>
          <Id>DAD7839298522B2C49A14FC853C9A5A8</Id>
          <Version>3</Version>
          <Name />
        </Identity>
        <Name />
        <Description />
        <Status>Released</Status>
        <FieldGroups />
        <FieldValidators />
        <DocumentTypeValidator>
          <Identity>
            <Id />
            <Name />
          </Identity>
          <DocumentStandardValidator>
            <Identity>
              <Id />
              <Name />
            </Identity>
            <FailureMessage />
            <NumberOfPages>0</NumberOfPages>
            <PageCountLevel>Exactly</PageCountLevel>
          </DocumentStandardValidator>
          <DocumentValidators />
        </DocumentTypeValidator>
        <HasStandardValidator>false</HasStandardValidator>
        <PdfSettings>
          <Title />
          <SkipFirstPage>false</SkipFirstPage>
          <Subject />
          <Author />
          <Keywords />
          <Application />
          <Producer />
        </PdfSettings>
        <NameTemplate>[DocumentType]</NameTemplate>
        <OnlineLearningFolderId />
        <AutomaticOnlineLearningEnabled>false</AutomaticOnlineLearningEnabled>
        <Forms>
          <ScanForm>
            <Id />
            <AutomaticallyPopulate>true</AutomaticallyPopulate>
            <Version>0</Version>
          </ScanForm>
          <ValidationForm>
            <Id />
            <AutomaticallyPopulate>true</AutomaticallyPopulate>
            <Version>0</Version>
          </ValidationForm>
          <VerificationForm>
            <Id />
            <AutomaticallyPopulate>true</AutomaticallyPopulate>
            <Version>0</Version>
          </VerificationForm>
          <DocumentReviewForm>
            <Id />
            <AutomaticallyPopulate>true</AutomaticallyPopulate>
            <Version>0</Version>
          </DocumentReviewForm>
        </Forms>
        <AvailableForManualClassification>true</AvailableForManualClassification>
        <TableFieldExportDelimiter>;</TableFieldExportDelimiter>
        <TemplateImage>
          <Id />
          <Name />
          <AssetType>Image</AssetType>
          <AutomaticallyPopulate>true</AutomaticallyPopulate>
        </TemplateImage>
        <IsTemplateImageOverriden>false</IsTemplateImageOverriden>
        <MonitorForClassificationOnlineLearning>false</MonitorForClassificationOnlineLearning>
        <PostValidationHandler>
          <IsPostValidationHandlingEnabled>false</IsPostValidationHandlingEnabled>
          <ProcessIdentity>
            <Id />
            <AutomaticallyPopulate>true</AutomaticallyPopulate>
            <Version>0</Version>
            <Name />
          </ProcessIdentity>
        </PostValidationHandler>
        <IsPartial>false</IsPartial>
      </DocumentType>
    </DocumentTypes>
    <LastModifiedDate>2019-07-01T09:16:37.95</LastModifiedDate>
    <LastModifiedUser>
      <Id>27614627407D431D8E043D72E210C615</Id>
      <AutomaticallyPopulate>true</AutomaticallyPopulate>
      <ResourceType>Worker</ResourceType>
      <EmailAddress />
      <UserId />
      <ManagerialLevel>0</ManagerialLevel>
    </LastModifiedUser>
    <LockedByModule>None</LockedByModule>
    <RootDocumentType>
      <Id>DAD7839298522B2C49A14FC853C9A5A8</Id>
      <Version>3</Version>
      <Name />
    </RootDocumentType>
    <IsOnlineLearningEnabled>false</IsOnlineLearningEnabled>
    <FuzzyDatabases />
    <ResourceAccessTokens>
      <ResourceAccess>
        <ResourceIdentity>
          <Id>7DF43CCDF24611D2804B00104B71BD15</Id>
          <AutomaticallyPopulate>true</AutomaticallyPopulate>
          <Name>Everyone</Name>
          <ResourceType>GroupOfWorkers</ResourceType>
          <EmailAddress />
          <UserId />
          <ManagerialLevel>0</ManagerialLevel>
        </ResourceIdentity>
        <AccessType>MaintenanceAccess</AccessType>
        <PermissionType>FullControl</PermissionType>
      </ResourceAccess>
    </ResourceAccessTokens>
    <ResourcePermissionType>FullControl</ResourcePermissionType>
  </DocumentGroup>
</ArrayOfDocumentGroup>