<?xml version="1.0" encoding="utf-16"?>
<ArrayOfPackageDeployment xmlns:xsd="http://www.w3.org/2001/XMLSchema" xmlns:xsi="http://www.w3.org/2001/XMLSchema-instance">
  <PackageDeployment>
    <Identity>
      <Id>9E8D07BFF7E069C6FE714428EE6BA6AC</Id>
      <Name>Development</Name>
    </Identity>
    <Description />
    <PackageDeploymentItems>
      <GlobalVariables />
      <ServerVariables />
      <WebServices />
      <DeviceOverridableSettings />
      <CaptureProjectSettings />
      <ExportConnectorDeploymentProperties />
    </PackageDeploymentItems>
  </PackageDeployment>
</ArrayOfPackageDeployment>