<?xml version="1.0" encoding="utf-16"?>
<ArrayOfLookup xmlns:xsd="http://www.w3.org/2001/XMLSchema" xmlns:xsi="http://www.w3.org/2001/XMLSchema-instance">
  <Lookup>
    <Identity>
      <Id>5A1CC8085B4F4773B2F4814EB3C1E4FD</Id>
      <Name>Employment Status</Name>
    </Identity>
    <CategoryIdentity>
      <Id>BDCE0DCA27274D5DBF8AFA92134115B6</Id>
      <AutomaticallyPopulate>true</AutomaticallyPopulate>
      <Name />
    </CategoryIdentity>
    <LastModifiedDate>2018-11-06T11:41:38.267</LastModifiedDate>
    <Items>
      <ChoiceDataSourceEntity>
        <IsInputPrompt>false</IsInputPrompt>
        <Id>6046D399222B440C996EF3CD5500D33D</Id>
        <DisplayMember xsi:type="xsd:string">Employed</DisplayMember>
        <ValueMember xsi:type="xsd:string">Employed</ValueMember>
        <IsDefaultValue>false</IsDefaultValue>
        <IsInherited>false</IsInherited>
      </ChoiceDataSourceEntity>
      <ChoiceDataSourceEntity>
        <IsInputPrompt>false</IsInputPrompt>
        <Id>A58AAB7F00B445358C1D4DA50629F1C3</Id>
        <DisplayMember xsi:type="xsd:string">Self Employed</DisplayMember>
        <ValueMember xsi:type="xsd:string">Self Employed</ValueMember>
        <IsDefaultValue>false</IsDefaultValue>
        <IsInherited>false</IsInherited>
      </ChoiceDataSourceEntity>
      <ChoiceDataSourceEntity>
        <IsInputPrompt>false</IsInputPrompt>
        <Id>32C170B6F22946AD82A5ABDD81CD8C5B</Id>
        <DisplayMember xsi:type="xsd:string">Unemployed</DisplayMember>
        <ValueMember xsi:type="xsd:string">Unemployed</ValueMember>
        <IsDefaultValue>false</IsDefaultValue>
        <IsInherited>false</IsInherited>
      </ChoiceDataSourceEntity>
    </Items>
    <LastModifiedUser>
      <Id>5B14530BB1E740BD856842129F2562A6</Id>
      <AutomaticallyPopulate>true</AutomaticallyPopulate>
      <ResourceType>Worker</ResourceType>
      <EmailAddress />
      <UserId />
    </LastModifiedUser>
    <LanguageItems />
    <HasTranslatedItems>false</HasTranslatedItems>
    <DefaultValue />
    <Description />
  </Lookup>
</ArrayOfLookup>