<?xml version="1.0" encoding="utf-16"?>
<ArrayOfSite xmlns:xsd="http://www.w3.org/2001/XMLSchema" xmlns:xsi="http://www.w3.org/2001/XMLSchema-instance">
  <Site>
    <SiteIdentity>
      <Id>3BFEE11D32D64F3480B50CEBD76BFAA2</Id>
      <AutomaticallyPopulate>true</AutomaticallyPopulate>
      <Name>xyzbank</Name>
    </SiteIdentity>
    <CategoryIdentity>
      <Id>BDCE0DCA27274D5DBF8AFA92134115B6</Id>
      <AutomaticallyPopulate>true</AutomaticallyPopulate>
      <Name>XYZ Bank</Name>
    </CategoryIdentity>
    <LastModifiedUser>
      <Id>5B14530BB1E740BD856842129F2562A6</Id>
      <AutomaticallyPopulate>true</AutomaticallyPopulate>
      <ResourceType>Worker</ResourceType>
      <EmailAddress />
      <UserId />
    </LastModifiedUser>
    <LastModifiedTime>2018-11-06T11:45:57.58</LastModifiedTime>
    <Settings>
      <DesktopSite>
        <DefaultForm>
          <Id>8B6933939A7E4458853B3892EF67AFA3</Id>
          <AutomaticallyPopulate>true</AutomaticallyPopulate>
          <Name>LogonForm</Name>
          <Version>0</Version>
        </DefaultForm>
        <HeaderForm>
          <Id>C14C213906D446ACB48F414D2EDF9970</Id>
          <AutomaticallyPopulate>true</AutomaticallyPopulate>
          <Name>WorkspaceHeader</Name>
          <Version>0</Version>
        </HeaderForm>
        <HorizontalNavigationMenu>
          <Id>57546F239FC640A09A951DA940D524C9</Id>
          <Name>WorkspaceMenu</Name>
          <LastModifiedDate>2018-11-06T11:45:01.3165818+00:00</LastModifiedDate>
        </HorizontalNavigationMenu>
        <VerticalNavigationMenu>
          <Name />
          <LastModifiedDate>2018-11-06T11:45:54.45315+00:00</LastModifiedDate>
        </VerticalNavigationMenu>
        <ThemeIdentity>
          <Id>0178FEA2525C4F3D8AC51E3C273D865D</Id>
          <AutomaticallyPopulate>true</AutomaticallyPopulate>
          <Name>TotalAgility Workspace</Name>
        </ThemeIdentity>
      </DesktopSite>
      <TabletSite>
        <DefaultForm>
          <Id />
          <AutomaticallyPopulate>true</AutomaticallyPopulate>
          <Name />
          <Version>0</Version>
        </DefaultForm>
        <HeaderForm>
          <Id />
          <AutomaticallyPopulate>true</AutomaticallyPopulate>
          <Name />
          <Version>0</Version>
        </HeaderForm>
        <HorizontalNavigationMenu>
          <Name />
          <LastModifiedDate>2018-11-06T11:45:54.45315+00:00</LastModifiedDate>
        </HorizontalNavigationMenu>
        <VerticalNavigationMenu>
          <Name />
          <LastModifiedDate>2018-11-06T11:45:54.45315+00:00</LastModifiedDate>
        </VerticalNavigationMenu>
        <ThemeIdentity>
          <Id>0178FEA2525C4F3D8AC51E3C273D865D</Id>
          <AutomaticallyPopulate>true</AutomaticallyPopulate>
          <Name>TotalAgility Workspace</Name>
        </ThemeIdentity>
      </TabletSite>
      <MobileSite>
        <DefaultForm>
          <Id />
          <AutomaticallyPopulate>true</AutomaticallyPopulate>
          <Name />
          <Version>0</Version>
        </DefaultForm>
        <HeaderForm>
          <Id />
          <AutomaticallyPopulate>true</AutomaticallyPopulate>
          <Name />
          <Version>0</Version>
        </HeaderForm>
        <HorizontalNavigationMenu>
          <Name />
          <LastModifiedDate>2018-11-06T11:45:54.45315+00:00</LastModifiedDate>
        </HorizontalNavigationMenu>
        <VerticalNavigationMenu>
          <Name />
          <LastModifiedDate>2018-11-06T11:45:54.45315+00:00</LastModifiedDate>
        </VerticalNavigationMenu>
        <ThemeIdentity>
          <Id>0178FEA2525C4F3D8AC51E3C273D865D</Id>
          <AutomaticallyPopulate>true</AutomaticallyPopulate>
          <Name>TotalAgility Workspace</Name>
        </ThemeIdentity>
      </MobileSite>
      <SiteLanguages />
    </Settings>
    <LockedBy>
      <Id>5B14530BB1E740BD856842129F2562A6</Id>
      <AutomaticallyPopulate>true</AutomaticallyPopulate>
      <Name />
      <ResourceType>Worker</ResourceType>
      <EmailAddress />
      <UserId />
    </LockedBy>
  </Site>
</ArrayOfSite>