<?xml version="1.0" encoding="utf-16"?><SpaPackageImportExportData xmlns:xsd="http://www.w3.org/2001/XMLSchema" xmlns:xsi="http://www.w3.org/2001/XMLSchema-instance" dbversion="7.500000"><PackageSummary><SpaPackageIdentity><Id>E6A9497F00D04CD09C8F5A3BC9CA457C</Id><Name>Proof Of Identity</Name><Version>1</Version></SpaPackageIdentity><Description /><CategoryIdentity><Id>BDCE0DCA27274D5DBF8AFA92134115B6</Id><AutomaticallyPopulate>true</AutomaticallyPopulate><Name>XYZ Bank</Name></CategoryIdentity><LastModifiedDateTime>2018-09-13T13:51:41.317</LastModifiedDateTime><LastModifiedResource><Id>344FDD7CBA7349929F2EEACF453947C6</Id><AutomaticallyPopulate>true</AutomaticallyPopulate><Name /><ResourceType>Worker</ResourceType><EmailAddress /><UserId /></LastModifiedResource><Comments /><ResourceAccessTokens><ResourceAccess><ResourceIdentity><Id>7DF43CCDF24611D2804B00104B71BD15</Id><AutomaticallyPopulate>true</AutomaticallyPopulate><Name>Everyone</Name><ResourceType>GroupOfWorkers</ResourceType><EmailAddress /><UserId /></ResourceIdentity><AccessType>MaintenanceAccess</AccessType><PermissionType>FullControl</PermissionType></ResourceAccess></ResourceAccessTokens><PermissionType>FullControl</PermissionType></PackageSummary><Processes /><ProcessExportOption><ExportResources>false</ExportResources><ExportGroupResourceMembers>false</ExportGroupResourceMembers><ExportResourcesExtensions>false</ExportResourcesExtensions><ExportCategories>false</ExportCategories><WithCategoryParentage>false</WithCategoryParentage><GeneralizedExport>false</GeneralizedExport><ExportDotNetReferencesWithPath>true</ExportDotNetReferencesWithPath><ExportCaseFragments>false</ExportCaseFragments><ExportTemplateSkins>false</ExportTemplateSkins><ExportExtractionClassificationData>true</ExportExtractionClassificationData><ExportType>CombineAssociatedMaps</ExportType><Version>0</Version><ExportServerVariables>true</ExportServerVariables><PreloadScript>1</PreloadScript><SleepDuration>0</SleepDuration><CategoryIds /><ProcessDocument>false</ProcessDocument><ProcessViewer>false</ProcessViewer><DotNetActivityType>0</DotNetActivityType><Projects /><AllProcessVariables /><ExportOnlyDocumentGroupIdentityDetails>false</ExportOnlyDocumentGroupIdentityDetails><SiteDetailsRequired>false</SiteDetailsRequired><Assets /><PerceptiveSiteDetailsRequired>false</PerceptiveSiteDetailsRequired><IncludeExportConnectorMappings>false</IncludeExportConnectorMappings><IsSpaExport>false</IsSpaExport><ProcessType>BusinessProcess</ProcessType><ProtectedItems /><ExportPageRenditions>false</ExportPageRenditions><ExportReportingTags>false</ExportReportingTags></ProcessExportOption><WorkAllocationRules /><Skins /><BusinessRules /><Assets /><Forms /><FormExportOptions><ExportHeader>false</ExportHeader><ExportNavigation>false</ExportNavigation><ExportGlobalVariables>true</ExportGlobalVariables><ExportWebServices>false</ExportWebServices><ExportBusinessRules>false</ExportBusinessRules><ExportSecurityTokens>false</ExportSecurityTokens><ExportSecurityRoles>false</ExportSecurityRoles><ExportRoleMembers>false</ExportRoleMembers><IsSpaExport>false</IsSpaExport></FormExportOptions><Navigations /><DeviceSettings /><Sites /><Themes /><Languages /><Lookups /><Resources /><Entities /><WorkTypes /><Checklists /><Folders /><ExtractionGroups><ImportExportPackageSummaryOfDocumentGroupIdentity><Identity><Id>E8C124FBB57B440390752AE1E5645A83</Id><Version>2</Version><Name>Proof Of Identity</Name></Identity><LastModifiedBy><Id>344FDD7CBA7349929F2EEACF453947C6</Id><AutomaticallyPopulate>true</AutomaticallyPopulate><ResourceType>Worker</ResourceType><EmailAddress /><UserId /></LastModifiedBy><LastModified>2018-09-13T13:51:08.393</LastModified></ImportExportPackageSummaryOfDocumentGroupIdentity></ExtractionGroups><ClassificationGroups /><Formatters /><FieldValidators /><ChecklistItems /><Events /><Targets /><Alerts /><AlertExportOption><ExportAssociatedProcess>false</ExportAssociatedProcess></AlertExportOption><Categories /><ScanVrsProfiles /><SeparationProfiles /><PdfGenerationProfiles /><DocConversionProfiles /><JobSchedules /><RegularExpressions /><Personas /><ServerVariables /><ServerVariablesCollection /><ThreadPools /><GlobalVariables /><GlobalVariablesCollection /><ServerXmlExpressionVariables /><DotNetReferences /><MiscellaneousFiles /><Queries /><FormTemplates /><Localisations /><Packages /><ExportConnectorDeploymentProperties /><ShowProcessAssociations>true</ShowProcessAssociations><ShowFormAssociations>true</ShowFormAssociations><SystemExportOptions><IncludeNoteTypes>false</IncludeNoteTypes><IncludeHotKeys>false</IncludeHotKeys><IncludePageRenditions>false</IncludePageRenditions><IncludeNodeColors>false</IncludeNodeColors><IncludeReportingTags>false</IncludeReportingTags></SystemExportOptions><ShowCategoryAssociations>false</ShowCategoryAssociations><Version><Major>7</Major><Minor>3</Minor><Build>1</Build><Revision>0</Revision></Version><DocumentTypeVariants /><ProtectAllItems>false</ProtectAllItems><IncludeRoleMembers>false</IncludeRoleMembers><IncludeDevices>false</IncludeDevices><IncludeDeviceProfiles>false</IncludeDeviceProfiles><IncludeDeviceSettings>false</IncludeDeviceSettings><ExportConnectorMappings>false</ExportConnectorMappings><WebServices /></SpaPackageImportExportData>