<?xml version="1.0" encoding="utf-16"?><SpaPackageImportExportData xmlns:xsd="http://www.w3.org/2001/XMLSchema" xmlns:xsi="http://www.w3.org/2001/XMLSchema-instance" dbversion="7.500000"><PackageSummary><SpaPackageIdentity><Id>24D5C8D95F274284B6D0B31E756DBDDE</Id><Name>Capture Applications</Name><Version>4</Version></SpaPackageIdentity><Description /><CategoryIdentity><Id>BDCE0DCA27274D5DBF8AFA92134115B6</Id><AutomaticallyPopulate>true</AutomaticallyPopulate><Name>XYZ Bank</Name></CategoryIdentity><LastModifiedDateTime>2018-11-06T12:15:30.423</LastModifiedDateTime><LastModifiedResource><Id>5B14530BB1E740BD856842129F2562A6</Id><AutomaticallyPopulate>true</AutomaticallyPopulate><Name /><ResourceType>Worker</ResourceType><EmailAddress /><UserId /></LastModifiedResource><Comments /><ResourceAccessTokens><ResourceAccess><ResourceIdentity><Id>7DF43CCDF24611D2804B00104B71BD15</Id><AutomaticallyPopulate>true</AutomaticallyPopulate><Name>Everyone</Name><ResourceType>GroupOfWorkers</ResourceType><EmailAddress /><UserId /></ResourceIdentity><AccessType>MaintenanceAccess</AccessType><PermissionType>FullControl</PermissionType></ResourceAccess></ResourceAccessTokens><PermissionType>FullControl</PermissionType></PackageSummary><Processes><ImportExportPackageSummaryOfProcessIdentity><Identity><Id>F944BA2F676A4FF78D4392F35E6E1A63</Id><AutomaticallyPopulate>true</AutomaticallyPopulate><Version>4</Version><Name>Capture Applications</Name></Identity><LastModifiedBy><Id>5B14530BB1E740BD856842129F2562A6</Id><AutomaticallyPopulate>true</AutomaticallyPopulate><ResourceType>Worker</ResourceType><EmailAddress /><UserId /></LastModifiedBy><LastModified>2018-11-06T12:14:53.75</LastModified></ImportExportPackageSummaryOfProcessIdentity></Processes><ProcessExportOption><ExportResources>false</ExportResources><ExportGroupResourceMembers>true</ExportGroupResourceMembers><ExportResourcesExtensions>false</ExportResourcesExtensions><ExportCategories>false</ExportCategories><WithCategoryParentage>false</WithCategoryParentage><GeneralizedExport>false</GeneralizedExport><ExportDotNetReferencesWithPath>true</ExportDotNetReferencesWithPath><ExportCaseFragments>false</ExportCaseFragments><ExportTemplateSkins>false</ExportTemplateSkins><ExportExtractionClassificationData>true</ExportExtractionClassificationData><ExportType>CombineAssociatedMaps</ExportType><Version>0</Version><ExportServerVariables>true</ExportServerVariables><PreloadScript>1</PreloadScript><SleepDuration>0</SleepDuration><CategoryIds /><ProcessDocument>false</ProcessDocument><ProcessViewer>false</ProcessViewer><DotNetActivityType>0</DotNetActivityType><Projects /><AllProcessVariables /><ExportOnlyDocumentGroupIdentityDetails>false</ExportOnlyDocumentGroupIdentityDetails><SiteDetailsRequired>false</SiteDetailsRequired><Assets /><PerceptiveSiteDetailsRequired>false</PerceptiveSiteDetailsRequired><IncludeExportConnectorMappings>false</IncludeExportConnectorMappings><IsSpaExport>false</IsSpaExport><ProcessType>BusinessProcess</ProcessType><ProtectedItems /><ExportPageRenditions>false</ExportPageRenditions><ExportReportingTags>false</ExportReportingTags></ProcessExportOption><WorkAllocationRules /><Skins /><BusinessRules /><Assets><ImportExportPackageSummaryOfAssetIdentity><Identity><Id>68B966A5E3FF4FC193C8A035F43356BD</Id><Name>TotalAgilityWorkspace.css</Name><AssetType>StyleSheet</AssetType><AutomaticallyPopulate>true</AutomaticallyPopulate></Identity><LastModifiedBy><Id /><AutomaticallyPopulate>true</AutomaticallyPopulate><ResourceType>Worker</ResourceType><EmailAddress /><UserId /></LastModifiedBy><LastModified>2018-03-23T15:15:10.537</LastModified></ImportExportPackageSummaryOfAssetIdentity></Assets><Forms><ImportExportPackageSummaryOfFormIdentity><Identity><Id>25625082C9FB40D292F6FBBF407CF2D0</Id><AutomaticallyPopulate>false</AutomaticallyPopulate><Name>Capture Applications_Validation_Validation</Name><Version>1</Version></Identity><LastModifiedBy><Id>5B14530BB1E740BD856842129F2562A6</Id><AutomaticallyPopulate>false</AutomaticallyPopulate><ResourceType>Worker</ResourceType><EmailAddress /><UserId /></LastModifiedBy><LastModified>2018-11-06T11:45:34.62</LastModified></ImportExportPackageSummaryOfFormIdentity><ImportExportPackageSummaryOfFormIdentity><Identity><Id>2C232623A12A44ED96CE3BDD5115B440</Id><AutomaticallyPopulate>false</AutomaticallyPopulate><Name>Capture Applications_Document Review_DocumentReview</Name><Version>1</Version></Identity><LastModifiedBy><Id>5B14530BB1E740BD856842129F2562A6</Id><AutomaticallyPopulate>false</AutomaticallyPopulate><ResourceType>Worker</ResourceType><EmailAddress /><UserId /></LastModifiedBy><LastModified>2018-11-06T11:45:35.873</LastModified></ImportExportPackageSummaryOfFormIdentity><ImportExportPackageSummaryOfFormIdentity><Identity><Id>5EFC6BD97C284BD19AD3DCB9CAF66D74</Id><AutomaticallyPopulate>false</AutomaticallyPopulate><Name>Capture Applications_Scan</Name><Version>1</Version></Identity><LastModifiedBy><Id>5B14530BB1E740BD856842129F2562A6</Id><AutomaticallyPopulate>false</AutomaticallyPopulate><ResourceType>Worker</ResourceType><EmailAddress /><UserId /></LastModifiedBy><LastModified>2018-11-06T11:45:18.843</LastModified></ImportExportPackageSummaryOfFormIdentity><ImportExportPackageSummaryOfFormIdentity><Identity><Id>8B6933939A7E4458853B3892EF67AFA3</Id><AutomaticallyPopulate>false</AutomaticallyPopulate><Name>LogonForm</Name><Version>1</Version></Identity><LastModifiedBy><Id>5B14530BB1E740BD856842129F2562A6</Id><AutomaticallyPopulate>false</AutomaticallyPopulate><ResourceType>Worker</ResourceType><EmailAddress /><UserId /></LastModifiedBy><LastModified>2018-11-06T11:45:25.78</LastModified></ImportExportPackageSummaryOfFormIdentity></Forms><FormExportOptions><ExportHeader>false</ExportHeader><ExportNavigation>false</ExportNavigation><ExportGlobalVariables>true</ExportGlobalVariables><ExportWebServices>false</ExportWebServices><ExportBusinessRules>false</ExportBusinessRules><ExportSecurityTokens>false</ExportSecurityTokens><ExportSecurityRoles>false</ExportSecurityRoles><ExportRoleMembers>false</ExportRoleMembers><IsSpaExport>false</IsSpaExport></FormExportOptions><Navigations><ImportExportPackageSummaryOfNavigationMenuIdentity><Identity><Id>57546F239FC640A09A951DA940D524C9</Id><Name>WorkspaceMenu</Name><LastModifiedDate>2018-11-06T11:46:33.127</LastModifiedDate></Identity><LastModifiedBy><Id /><AutomaticallyPopulate>false</AutomaticallyPopulate><ResourceType>Worker</ResourceType><EmailAddress /><UserId /></LastModifiedBy><LastModified>2018-11-06T11:46:33.127</LastModified></ImportExportPackageSummaryOfNavigationMenuIdentity></Navigations><DeviceSettings /><Sites><ImportExportPackageSummaryOfSiteIdentity><Identity><Id>3BFEE11D32D64F3480B50CEBD76BFAA2</Id><AutomaticallyPopulate>true</AutomaticallyPopulate><Name>xyzbank</Name></Identity><LastModifiedBy><Id>5B14530BB1E740BD856842129F2562A6</Id><AutomaticallyPopulate>true</AutomaticallyPopulate><ResourceType>Worker</ResourceType><EmailAddress /><UserId /></LastModifiedBy><LastModified>2018-11-06T11:45:57.58</LastModified></ImportExportPackageSummaryOfSiteIdentity></Sites><Themes><ImportExportPackageSummaryOfThemeIdentity><Identity><Id>0178FEA2525C4F3D8AC51E3C273D865D</Id><AutomaticallyPopulate>true</AutomaticallyPopulate><Name>TotalAgility Workspace</Name></Identity><LastModifiedBy><Id /><AutomaticallyPopulate>false</AutomaticallyPopulate><ResourceType>Worker</ResourceType><EmailAddress /><UserId /></LastModifiedBy><LastModified>2018-03-23T18:55:53.09</LastModified></ImportExportPackageSummaryOfThemeIdentity></Themes><Languages /><Lookups><ImportExportPackageSummaryOfLookupIdentity><Identity><Id>5A1CC8085B4F4773B2F4814EB3C1E4FD</Id><Name>Employment Status</Name></Identity><LastModifiedBy><Id>5B14530BB1E740BD856842129F2562A6</Id><AutomaticallyPopulate>true</AutomaticallyPopulate><ResourceType>Worker</ResourceType><EmailAddress /><UserId /></LastModifiedBy><LastModified>2018-11-06T11:41:38.267</LastModified></ImportExportPackageSummaryOfLookupIdentity></Lookups><Resources><ImportExportPackageSummaryOfResourceIdentity><Identity><Id>2AA9F2CE6E56437B866AA119A56B1AAE</Id><AutomaticallyPopulate>true</AutomaticallyPopulate><Name>Paul Black</Name><ResourceType>Worker</ResourceType><EmailAddress>pblack@kofax.com</EmailAddress><UserId /></Identity><LastModifiedBy><Id>5B14530BB1E740BD856842129F2562A6</Id><AutomaticallyPopulate>true</AutomaticallyPopulate><ResourceType>Worker</ResourceType><EmailAddress /><UserId /></LastModifiedBy><LastModified>2018-11-06T11:35:16.173</LastModified></ImportExportPackageSummaryOfResourceIdentity><ImportExportPackageSummaryOfResourceIdentity><Identity><Id>45E2E5B0AA5A4542ADB9DC82963CAB01</Id><AutomaticallyPopulate>true</AutomaticallyPopulate><Name>Validation Operators</Name><ResourceType>GroupOfWorkers</ResourceType><EmailAddress /><UserId /></Identity><LastModifiedBy><Id>5B14530BB1E740BD856842129F2562A6</Id><AutomaticallyPopulate>true</AutomaticallyPopulate><ResourceType>Worker</ResourceType><EmailAddress /><UserId /></LastModifiedBy><LastModified>2018-11-06T11:35:29.173</LastModified></ImportExportPackageSummaryOfResourceIdentity></Resources><Entities /><WorkTypes /><Checklists /><Folders><ImportExportPackageSummaryOfFolderTypeIdentity><Identity><Id>A264242476E84EE1A1A44D7267BD68A8</Id><Version>1</Version><Name>Applications</Name></Identity><LastModifiedBy><Id>5B14530BB1E740BD856842129F2562A6</Id><AutomaticallyPopulate>true</AutomaticallyPopulate><ResourceType>Worker</ResourceType><EmailAddress /><UserId /></LastModifiedBy><LastModified>2018-11-06T11:43:13.577</LastModified></ImportExportPackageSummaryOfFolderTypeIdentity></Folders><ExtractionGroups><ImportExportPackageSummaryOfDocumentGroupIdentity><Identity><Id>46F461EC158F48D3A51B6074A0A75793</Id><Version>4</Version><Name>Loan Applications</Name></Identity><LastModifiedBy><Id>5B14530BB1E740BD856842129F2562A6</Id><AutomaticallyPopulate>true</AutomaticallyPopulate><ResourceType>Worker</ResourceType><EmailAddress /><UserId /></LastModifiedBy><LastModified>2018-11-06T11:49:48.237</LastModified></ImportExportPackageSummaryOfDocumentGroupIdentity></ExtractionGroups><ClassificationGroups><ImportExportPackageSummaryOfClassificationGroupIdentity><Identity><Id>D5D891C89B0A46E78A9B78615D6A5ADC</Id><Version>3</Version><Name>Loan Applications</Name></Identity><LastModifiedBy><Id>5B14530BB1E740BD856842129F2562A6</Id><AutomaticallyPopulate>true</AutomaticallyPopulate><ResourceType>Worker</ResourceType><EmailAddress /><UserId /></LastModifiedBy><LastModified>2018-11-06T11:49:54.45</LastModified></ImportExportPackageSummaryOfClassificationGroupIdentity></ClassificationGroups><Formatters /><FieldValidators /><ChecklistItems /><Events /><Targets /><Alerts /><AlertExportOption><ExportAssociatedProcess>false</ExportAssociatedProcess></AlertExportOption><Categories><ImportExportPackageSummaryOfCategoryIdentity><Identity><Id>201F370CA5164F76ADDD8EEEFF666AF7</Id><AutomaticallyPopulate>true</AutomaticallyPopulate><Name>Default Category</Name></Identity><LastModifiedBy><Id>7DF43CCDF24611D2804B00104B71BD10</Id><AutomaticallyPopulate>true</AutomaticallyPopulate><ResourceType>Worker</ResourceType><EmailAddress /><UserId /></LastModifiedBy><LastModified>2018-11-06T10:42:00</LastModified></ImportExportPackageSummaryOfCategoryIdentity><ImportExportPackageSummaryOfCategoryIdentity><Identity><Id>7DB0B70848874FA69390068F3FDF1B0E</Id><AutomaticallyPopulate>true</AutomaticallyPopulate><Name>Applications</Name></Identity><LastModifiedBy><Id>5B14530BB1E740BD856842129F2562A6</Id><AutomaticallyPopulate>true</AutomaticallyPopulate><ResourceType>Worker</ResourceType><EmailAddress /><UserId /></LastModifiedBy><LastModified>2018-11-06T11:34:38.517</LastModified></ImportExportPackageSummaryOfCategoryIdentity></Categories><ScanVrsProfiles /><SeparationProfiles><ImportExportPackageSummaryOfSeparationProfileIdentity><Identity><Id>F4420D56835145279E2E143CD8AC1074</Id><Name>Separate Applications</Name></Identity><LastModifiedBy><Id /><AutomaticallyPopulate>true</AutomaticallyPopulate><ResourceType>Worker</ResourceType><EmailAddress /><UserId /></LastModifiedBy><LastModified>0001-01-01T00:00:00</LastModified></ImportExportPackageSummaryOfSeparationProfileIdentity></SeparationProfiles><PdfGenerationProfiles /><DocConversionProfiles /><JobSchedules /><RegularExpressions /><Personas /><ServerVariables /><ServerVariablesCollection /><ThreadPools><ImportExportPackageSummaryOfThreadPoolIdentity><Identity><Id>1</Id><Name>Default Transformation Server Thread Pool</Name></Identity><LastModifiedBy><Id /><AutomaticallyPopulate>true</AutomaticallyPopulate><ResourceType>Worker</ResourceType><EmailAddress /><UserId /></LastModifiedBy><LastModified>0001-01-01T00:00:00</LastModified></ImportExportPackageSummaryOfThreadPoolIdentity><ImportExportPackageSummaryOfThreadPoolIdentity><Identity><Id>0</Id><Name>Default Thread Pool</Name></Identity><LastModifiedBy><Id /><AutomaticallyPopulate>true</AutomaticallyPopulate><ResourceType>Worker</ResourceType><EmailAddress /><UserId /></LastModifiedBy><LastModified>0001-01-01T00:00:00</LastModified></ImportExportPackageSummaryOfThreadPoolIdentity></ThreadPools><GlobalVariables /><GlobalVariablesCollection><ImportExportPackageSummaryOfSessionVariable><Identity><Identity><Name>SESSION_ID</Name><Id>161F8F818093437482D2886B7B6756BB</Id><AutomaticallyPopulate>true</AutomaticallyPopulate></Identity><Description>The current Session Identifer.</Description><Value /><IsLocalizable>false</IsLocalizable><Category><Id>201F370CA5164F76ADDD8EEEFF666AF7</Id><AutomaticallyPopulate>true</AutomaticallyPopulate><Name>Default Category</Name></Category><LastModifiedDateTime>2018-11-06T10:42:36.217</LastModifiedDateTime><IsSecure>false</IsSecure></Identity><LastModifiedBy><Id /><AutomaticallyPopulate>true</AutomaticallyPopulate><ResourceType>Worker</ResourceType><EmailAddress /><UserId /></LastModifiedBy><LastModified>2018-11-06T10:42:36.217</LastModified></ImportExportPackageSummaryOfSessionVariable><ImportExportPackageSummaryOfSessionVariable><Identity><Identity><Name>WORKQUEUE_FORM</Name><Id>1E70BD400456422DBFA431767DC6CB0F</Id><AutomaticallyPopulate>true</AutomaticallyPopulate></Identity><Description>The Workqueue Form.</Description><Value /><IsLocalizable>false</IsLocalizable><Category><Id>201F370CA5164F76ADDD8EEEFF666AF7</Id><AutomaticallyPopulate>true</AutomaticallyPopulate><Name>Default Category</Name></Category><LastModifiedDateTime>2018-11-06T10:42:36.217</LastModifiedDateTime><IsSecure>false</IsSecure></Identity><LastModifiedBy><Id /><AutomaticallyPopulate>true</AutomaticallyPopulate><ResourceType>Worker</ResourceType><EmailAddress /><UserId /></LastModifiedBy><LastModified>2018-11-06T10:42:36.217</LastModified></ImportExportPackageSummaryOfSessionVariable><ImportExportPackageSummaryOfSessionVariable><Identity><Identity><Name>RESOURCE_ID</Name><Id>3FE35DDD709A422588F9C8FE908C6393</Id><AutomaticallyPopulate>true</AutomaticallyPopulate></Identity><Description>The current Resource Identifer.</Description><Value /><IsLocalizable>false</IsLocalizable><Category><Id>201F370CA5164F76ADDD8EEEFF666AF7</Id><AutomaticallyPopulate>true</AutomaticallyPopulate><Name>Default Category</Name></Category><LastModifiedDateTime>2018-11-06T10:42:36.217</LastModifiedDateTime><IsSecure>false</IsSecure></Identity><LastModifiedBy><Id /><AutomaticallyPopulate>true</AutomaticallyPopulate><ResourceType>Worker</ResourceType><EmailAddress /><UserId /></LastModifiedBy><LastModified>2018-11-06T10:42:36.217</LastModified></ImportExportPackageSummaryOfSessionVariable><ImportExportPackageSummaryOfSessionVariable><Identity><Identity><Name>RESOURCE_NAME</Name><Id>E6C90ACEAF974035B52AFE50012F84D6</Id><AutomaticallyPopulate>true</AutomaticallyPopulate></Identity><Description>The current Resource Name.</Description><Value /><IsLocalizable>false</IsLocalizable><Category><Id>201F370CA5164F76ADDD8EEEFF666AF7</Id><AutomaticallyPopulate>true</AutomaticallyPopulate><Name>Default Category</Name></Category><LastModifiedDateTime>2018-11-06T10:42:36.217</LastModifiedDateTime><IsSecure>false</IsSecure></Identity><LastModifiedBy><Id /><AutomaticallyPopulate>true</AutomaticallyPopulate><ResourceType>Worker</ResourceType><EmailAddress /><UserId /></LastModifiedBy><LastModified>2018-11-06T10:42:36.217</LastModified></ImportExportPackageSummaryOfSessionVariable></GlobalVariablesCollection><ServerXmlExpressionVariables /><DotNetReferences /><MiscellaneousFiles /><Queries /><FormTemplates /><Localisations /><Packages /><ExportConnectorDeploymentProperties /><ShowProcessAssociations>true</ShowProcessAssociations><ShowFormAssociations>true</ShowFormAssociations><SystemExportOptions><IncludeNoteTypes>false</IncludeNoteTypes><IncludeHotKeys>false</IncludeHotKeys><IncludePageRenditions>false</IncludePageRenditions><IncludeNodeColors>false</IncludeNodeColors><IncludeReportingTags>false</IncludeReportingTags></SystemExportOptions><ShowCategoryAssociations>false</ShowCategoryAssociations><Version><Major>7</Major><Minor>3</Minor><Build>1</Build><Revision>0</Revision></Version><DocumentTypeVariants /><ProtectAllItems>false</ProtectAllItems><IncludeRoleMembers>false</IncludeRoleMembers><IncludeDevices>false</IncludeDevices><IncludeDeviceProfiles>false</IncludeDeviceProfiles><IncludeDeviceSettings>false</IncludeDeviceSettings><ExportConnectorMappings>false</ExportConnectorMappings><WebServices /></SpaPackageImportExportData>