<?xml version="1.0" encoding="utf-16"?>
<ArrayOfWorkerGroupResource xmlns:xsd="http://www.w3.org/2001/XMLSchema" xmlns:xsi="http://www.w3.org/2001/XMLSchema-instance">
  <WorkerGroupResource>
    <Identity>
      <Id>221E8FE22F894DB69D7658E806FEAE55</Id>
      <AutomaticallyPopulate>true</AutomaticallyPopulate>
      <Name>Approving Officers</Name>
      <ResourceType>GroupOfWorkers</ResourceType>
      <EmailAddress />
      <UserId />
      <ManagerialLevel>0</ManagerialLevel>
    </Identity>
    <Category>
      <Id>BDCE0DCA27274D5DBF8AFA92134115B6</Id>
      <AutomaticallyPopulate>true</AutomaticallyPopulate>
      <Name>XYZ Bank</Name>
    </Category>
    <Server>
      <Id>277CA453D3BB3044985C99CE1F73C030</Id>
      <AutomaticallyPopulate>true</AutomaticallyPopulate>
      <Name />
    </Server>
    <SecurityLevel>1</SecurityLevel>
    <SkillLevelMax>1</SkillLevelMax>
    <SkillLevelMin>10</SkillLevelMin>
    <EmailAddress />
    <Supervisor>
      <Id>4C3ED5B5144E4D8D9019C68CE8574FDA</Id>
      <AutomaticallyPopulate>true</AutomaticallyPopulate>
      <Name>Sharon Smyth</Name>
      <ResourceType>Worker</ResourceType>
      <EmailAddress />
      <UserId />
      <ManagerialLevel>0</ManagerialLevel>
    </Supervisor>
    <LastModifiedUser>
      <Id>27614627407D431D8E043D72E210C615</Id>
      <AutomaticallyPopulate>true</AutomaticallyPopulate>
      <ResourceType>Worker</ResourceType>
      <EmailAddress />
      <UserId />
      <ManagerialLevel>0</ManagerialLevel>
    </LastModifiedUser>
    <LastModifiedDate>2019-06-28T14:00:53.037</LastModifiedDate>
    <Overwrite>false</Overwrite>
    <GroupId>
      <Id />
      <AutomaticallyPopulate>true</AutomaticallyPopulate>
      <Name />
      <ResourceType>Worker</ResourceType>
      <EmailAddress />
      <UserId />
      <ManagerialLevel>0</ManagerialLevel>
    </GroupId>
    <ExtensionFields />
    <ResourceType>3</ResourceType>
    <AssociatedResources>
      <ResourceIdentity>
        <Id>E85CB7A13AD94770BB9F04F3EC5895A0</Id>
        <AutomaticallyPopulate>true</AutomaticallyPopulate>
        <Name>Frank Myers</Name>
        <ResourceType>Worker</ResourceType>
        <EmailAddress />
        <UserId />
        <ManagerialLevel>99</ManagerialLevel>
      </ResourceIdentity>
      <ResourceIdentity>
        <Id>4C3ED5B5144E4D8D9019C68CE8574FDA</Id>
        <AutomaticallyPopulate>true</AutomaticallyPopulate>
        <Name>Sharon Smyth</Name>
        <ResourceType>Worker</ResourceType>
        <EmailAddress />
        <UserId />
        <ManagerialLevel>2</ManagerialLevel>
      </ResourceIdentity>
    </AssociatedResources>
    <Internal>true</Internal>
    <UpdateGroupMembers>true</UpdateGroupMembers>
  </WorkerGroupResource>
  <WorkerGroupResource>
    <Identity>
      <Id>BB78C4DBEE0548FD97717AD25FB56ECB</Id>
      <AutomaticallyPopulate>true</AutomaticallyPopulate>
      <Name>Admin</Name>
      <ResourceType>GroupOfWorkers</ResourceType>
      <EmailAddress />
      <UserId />
      <ManagerialLevel>0</ManagerialLevel>
    </Identity>
    <Category>
      <Id>BDCE0DCA27274D5DBF8AFA92134115B6</Id>
      <AutomaticallyPopulate>true</AutomaticallyPopulate>
      <Name>XYZ Bank</Name>
    </Category>
    <Server>
      <Id>277CA453D3BB3044985C99CE1F73C030</Id>
      <AutomaticallyPopulate>true</AutomaticallyPopulate>
      <Name />
    </Server>
    <SecurityLevel>1</SecurityLevel>
    <SkillLevelMax>1</SkillLevelMax>
    <SkillLevelMin>10</SkillLevelMin>
    <EmailAddress />
    <Supervisor>
      <Id>17BA8D077E9C4B3C97F801D9B2C7AA07</Id>
      <AutomaticallyPopulate>true</AutomaticallyPopulate>
      <Name>Jane Pike</Name>
      <ResourceType>Worker</ResourceType>
      <EmailAddress />
      <UserId />
      <ManagerialLevel>0</ManagerialLevel>
    </Supervisor>
    <LastModifiedUser>
      <Id>27614627407D431D8E043D72E210C615</Id>
      <AutomaticallyPopulate>true</AutomaticallyPopulate>
      <ResourceType>Worker</ResourceType>
      <EmailAddress />
      <UserId />
      <ManagerialLevel>0</ManagerialLevel>
    </LastModifiedUser>
    <LastModifiedDate>2019-06-28T14:00:53.16</LastModifiedDate>
    <Overwrite>false</Overwrite>
    <GroupId>
      <Id />
      <AutomaticallyPopulate>true</AutomaticallyPopulate>
      <Name />
      <ResourceType>Worker</ResourceType>
      <EmailAddress />
      <UserId />
      <ManagerialLevel>0</ManagerialLevel>
    </GroupId>
    <ExtensionFields />
    <ResourceType>3</ResourceType>
    <AssociatedResources>
      <ResourceIdentity>
        <Id>17BA8D077E9C4B3C97F801D9B2C7AA07</Id>
        <AutomaticallyPopulate>true</AutomaticallyPopulate>
        <Name>Jane Pike</Name>
        <ResourceType>Worker</ResourceType>
        <EmailAddress />
        <UserId />
        <ManagerialLevel>1</ManagerialLevel>
      </ResourceIdentity>
      <ResourceIdentity>
        <Id>9A25A4D31DA84729A21BF684FC1BD515</Id>
        <AutomaticallyPopulate>true</AutomaticallyPopulate>
        <Name>Liz Jones</Name>
        <ResourceType>Worker</ResourceType>
        <EmailAddress />
        <UserId />
        <ManagerialLevel>99</ManagerialLevel>
      </ResourceIdentity>
      <ResourceIdentity>
        <Id>D48708EF6A8C437D882F36CF7E7173B9</Id>
        <AutomaticallyPopulate>true</AutomaticallyPopulate>
        <Name>Mike Scott</Name>
        <ResourceType>Worker</ResourceType>
        <EmailAddress />
        <UserId />
        <ManagerialLevel>99</ManagerialLevel>
      </ResourceIdentity>
      <ResourceIdentity>
        <Id>B0D63B3E869E47D3942D5198409CABD4</Id>
        <AutomaticallyPopulate>true</AutomaticallyPopulate>
        <Name>Peter Barker</Name>
        <ResourceType>Worker</ResourceType>
        <EmailAddress />
        <UserId />
        <ManagerialLevel>99</ManagerialLevel>
      </ResourceIdentity>
      <ResourceIdentity>
        <Id>4920CBA3C7C4413C9ADF367E91C62B24</Id>
        <AutomaticallyPopulate>true</AutomaticallyPopulate>
        <Name>Sheila Lowe</Name>
        <ResourceType>Worker</ResourceType>
        <EmailAddress />
        <UserId />
        <ManagerialLevel>99</ManagerialLevel>
      </ResourceIdentity>
    </AssociatedResources>
    <Internal>true</Internal>
    <UpdateGroupMembers>true</UpdateGroupMembers>
  </WorkerGroupResource>
</ArrayOfWorkerGroupResource>