<?xml version="1.0" encoding="utf-16"?>
<ArrayOfWorkerResource xmlns:xsd="http://www.w3.org/2001/XMLSchema" xmlns:xsi="http://www.w3.org/2001/XMLSchema-instance">
  <WorkerResource>
    <Identity>
      <Id>4C3ED5B5144E4D8D9019C68CE8574FDA</Id>
      <AutomaticallyPopulate>true</AutomaticallyPopulate>
      <Name>Sharon Smyth</Name>
      <ResourceType>Worker</ResourceType>
      <EmailAddress>ssmyth@kofax.com</EmailAddress>
      <UserId />
      <ManagerialLevel>0</ManagerialLevel>
    </Identity>
    <Category>
      <Id>BDCE0DCA27274D5DBF8AFA92134115B6</Id>
      <AutomaticallyPopulate>true</AutomaticallyPopulate>
      <Name>XYZ Bank</Name>
    </Category>
    <Server>
      <Id>277CA453D3BB3044985C99CE1F73C030</Id>
      <AutomaticallyPopulate>true</AutomaticallyPopulate>
      <Name />
    </Server>
    <SecurityLevel>1</SecurityLevel>
    <SkillLevelMax>1</SkillLevelMax>
    <SkillLevelMin>10</SkillLevelMin>
    <EmailAddress>ssmyth@kofax.com</EmailAddress>
    <Supervisor>
      <Id>4E626876C1694888A953BF052A3B0BA9</Id>
      <AutomaticallyPopulate>true</AutomaticallyPopulate>
      <Name>Mike Walker</Name>
      <ResourceType>Worker</ResourceType>
      <EmailAddress>mwalker@kofax.com</EmailAddress>
      <UserId />
      <ManagerialLevel>0</ManagerialLevel>
    </Supervisor>
    <LastModifiedUser>
      <Id>27614627407D431D8E043D72E210C615</Id>
      <AutomaticallyPopulate>true</AutomaticallyPopulate>
      <ResourceType>Worker</ResourceType>
      <EmailAddress />
      <UserId />
      <ManagerialLevel>0</ManagerialLevel>
    </LastModifiedUser>
    <LastModifiedDate>2019-06-28T14:00:53.08</LastModifiedDate>
    <NTName>SSMYTH</NTName>
    <Overwrite>false</Overwrite>
    <GroupId>
      <Id />
      <AutomaticallyPopulate>true</AutomaticallyPopulate>
      <Name />
      <ResourceType>Worker</ResourceType>
      <EmailAddress />
      <UserId />
      <ManagerialLevel>0</ManagerialLevel>
    </GroupId>
    <ExtensionFields />
    <ResourceType>0</ResourceType>
    <FixedCostRate>0</FixedCostRate>
    <VariableCostRate>10</VariableCostRate>
    <VariableCostPeriod>Hours</VariableCostPeriod>
    <WorkingCategory>
      <Id>201F370CA5164F76ADDD8EEEFF666AF7</Id>
      <AutomaticallyPopulate>true</AutomaticallyPopulate>
      <Name>Default Category</Name>
    </WorkingCategory>
    <Password />
    <ManagerialLevel>2</ManagerialLevel>
    <WorkingGroup>
      <Id>221E8FE22F894DB69D7658E806FEAE55</Id>
      <AutomaticallyPopulate>true</AutomaticallyPopulate>
      <Name>Approving Officers</Name>
      <ResourceType>Worker</ResourceType>
      <EmailAddress />
      <UserId />
      <ManagerialLevel>0</ManagerialLevel>
    </WorkingGroup>
    <StartDate xsi:nil="true" />
    <EndDate xsi:nil="true" />
    <PasswordChanged>false</PasswordChanged>
    <SecurityKey>817EF8BCF9794AD0AF0E6E15BC1D61FB</SecurityKey>
    <PhoneNumber />
    <IsLockedOut>false</IsLockedOut>
    <ChangePasswordOnNextLogon>false</ChangePasswordOnNextLogon>
    <LockedOutDateTime xsi:nil="true" />
    <ProfilePictureName />
  </WorkerResource>
  <WorkerResource>
    <Identity>
      <Id>17BA8D077E9C4B3C97F801D9B2C7AA07</Id>
      <AutomaticallyPopulate>true</AutomaticallyPopulate>
      <Name>Jane Pike</Name>
      <ResourceType>Worker</ResourceType>
      <EmailAddress>jpike@Kofax.com</EmailAddress>
      <UserId />
      <ManagerialLevel>0</ManagerialLevel>
    </Identity>
    <Category>
      <Id>BDCE0DCA27274D5DBF8AFA92134115B6</Id>
      <AutomaticallyPopulate>true</AutomaticallyPopulate>
      <Name>XYZ Bank</Name>
    </Category>
    <Server>
      <Id>277CA453D3BB3044985C99CE1F73C030</Id>
      <AutomaticallyPopulate>true</AutomaticallyPopulate>
      <Name />
    </Server>
    <SecurityLevel>1</SecurityLevel>
    <SkillLevelMax>1</SkillLevelMax>
    <SkillLevelMin>10</SkillLevelMin>
    <EmailAddress>jpike@Kofax.com</EmailAddress>
    <Supervisor>
      <Id />
      <AutomaticallyPopulate>true</AutomaticallyPopulate>
      <Name />
      <ResourceType>Worker</ResourceType>
      <EmailAddress />
      <UserId />
      <ManagerialLevel>0</ManagerialLevel>
    </Supervisor>
    <LastModifiedUser>
      <Id>27614627407D431D8E043D72E210C615</Id>
      <AutomaticallyPopulate>true</AutomaticallyPopulate>
      <ResourceType>Worker</ResourceType>
      <EmailAddress />
      <UserId />
      <ManagerialLevel>0</ManagerialLevel>
    </LastModifiedUser>
    <LastModifiedDate>2019-06-28T14:00:53.203</LastModifiedDate>
    <NTName>JPIKE</NTName>
    <Overwrite>false</Overwrite>
    <GroupId>
      <Id />
      <AutomaticallyPopulate>true</AutomaticallyPopulate>
      <Name />
      <ResourceType>Worker</ResourceType>
      <EmailAddress />
      <UserId />
      <ManagerialLevel>0</ManagerialLevel>
    </GroupId>
    <ExtensionFields />
    <ResourceType>0</ResourceType>
    <FixedCostRate>0</FixedCostRate>
    <VariableCostRate>0</VariableCostRate>
    <VariableCostPeriod>Days</VariableCostPeriod>
    <WorkingCategory>
      <Id>201F370CA5164F76ADDD8EEEFF666AF7</Id>
      <AutomaticallyPopulate>true</AutomaticallyPopulate>
      <Name>Default Category</Name>
    </WorkingCategory>
    <Password />
    <ManagerialLevel>1</ManagerialLevel>
    <WorkingGroup>
      <Id>BB78C4DBEE0548FD97717AD25FB56ECB</Id>
      <AutomaticallyPopulate>true</AutomaticallyPopulate>
      <Name>Admin</Name>
      <ResourceType>Worker</ResourceType>
      <EmailAddress />
      <UserId />
      <ManagerialLevel>0</ManagerialLevel>
    </WorkingGroup>
    <StartDate xsi:nil="true" />
    <EndDate xsi:nil="true" />
    <PasswordChanged>false</PasswordChanged>
    <SecurityKey>154B739A91684C2B9D3C8B8FDA14DD72</SecurityKey>
    <PhoneNumber />
    <IsLockedOut>false</IsLockedOut>
    <ChangePasswordOnNextLogon>false</ChangePasswordOnNextLogon>
    <LockedOutDateTime xsi:nil="true" />
    <ProfilePictureName />
  </WorkerResource>
</ArrayOfWorkerResource>