<?xml version="1.0" encoding="utf-16"?>
<ArrayOfWorkerGroupResource xmlns:xsd="http://www.w3.org/2001/XMLSchema" xmlns:xsi="http://www.w3.org/2001/XMLSchema-instance">
  <WorkerGroupResource>
    <Identity>
      <Id>45E2E5B0AA5A4542ADB9DC82963CAB01</Id>
      <AutomaticallyPopulate>true</AutomaticallyPopulate>
      <Name>Validation Operators</Name>
      <ResourceType>GroupOfWorkers</ResourceType>
      <EmailAddress />
      <UserId />
    </Identity>
    <Category>
      <Id>BDCE0DCA27274D5DBF8AFA92134115B6</Id>
      <AutomaticallyPopulate>true</AutomaticallyPopulate>
      <Name>XYZ Bank</Name>
    </Category>
    <Server>
      <Id>1069FB89DA4CE64FB3A7054367AE8230</Id>
      <AutomaticallyPopulate>true</AutomaticallyPopulate>
      <Name />
    </Server>
    <SecurityLevel>1</SecurityLevel>
    <SkillLevelMax>1</SkillLevelMax>
    <SkillLevelMin>10</SkillLevelMin>
    <EmailAddress />
    <Supervisor>
      <Id>2AA9F2CE6E56437B866AA119A56B1AAE</Id>
      <AutomaticallyPopulate>true</AutomaticallyPopulate>
      <Name>Paul Black</Name>
      <ResourceType>Worker</ResourceType>
      <EmailAddress />
      <UserId />
    </Supervisor>
    <LastModifiedUser>
      <Id>5B14530BB1E740BD856842129F2562A6</Id>
      <AutomaticallyPopulate>true</AutomaticallyPopulate>
      <ResourceType>Worker</ResourceType>
      <EmailAddress />
      <UserId />
    </LastModifiedUser>
    <LastModifiedDate>2018-11-06T11:35:29.173</LastModifiedDate>
    <Overwrite>false</Overwrite>
    <GroupId>
      <Id />
      <AutomaticallyPopulate>true</AutomaticallyPopulate>
      <Name />
      <ResourceType>Worker</ResourceType>
      <EmailAddress />
      <UserId />
    </GroupId>
    <ExtensionFields />
    <ResourceType>3</ResourceType>
    <AssociatedResources>
      <ResourceIdentity>
        <Id>2AA9F2CE6E56437B866AA119A56B1AAE</Id>
        <AutomaticallyPopulate>true</AutomaticallyPopulate>
        <Name>Paul Black</Name>
        <ResourceType>Worker</ResourceType>
        <EmailAddress />
        <UserId />
      </ResourceIdentity>
    </AssociatedResources>
    <Internal>true</Internal>
    <UpdateGroupMembers>true</UpdateGroupMembers>
  </WorkerGroupResource>
</ArrayOfWorkerGroupResource>