<?xml version="1.0" encoding="utf-16"?>
<ArrayOfWorkerResource xmlns:xsd="http://www.w3.org/2001/XMLSchema" xmlns:xsi="http://www.w3.org/2001/XMLSchema-instance">
  <WorkerResource>
    <Identity>
      <Id>2AA9F2CE6E56437B866AA119A56B1AAE</Id>
      <AutomaticallyPopulate>true</AutomaticallyPopulate>
      <Name>Paul Black</Name>
      <ResourceType>Worker</ResourceType>
      <EmailAddress>pblack@kofax.com</EmailAddress>
      <UserId />
    </Identity>
    <Category>
      <Id>BDCE0DCA27274D5DBF8AFA92134115B6</Id>
      <AutomaticallyPopulate>true</AutomaticallyPopulate>
      <Name>XYZ Bank</Name>
    </Category>
    <Server>
      <Id>1069FB89DA4CE64FB3A7054367AE8230</Id>
      <AutomaticallyPopulate>true</AutomaticallyPopulate>
      <Name />
    </Server>
    <SecurityLevel>1</SecurityLevel>
    <SkillLevelMax>1</SkillLevelMax>
    <SkillLevelMin>10</SkillLevelMin>
    <EmailAddress>pblack@kofax.com</EmailAddress>
    <Supervisor>
      <Id />
      <AutomaticallyPopulate>true</AutomaticallyPopulate>
      <Name />
      <ResourceType>Worker</ResourceType>
      <EmailAddress />
      <UserId />
    </Supervisor>
    <LastModifiedUser>
      <Id>5B14530BB1E740BD856842129F2562A6</Id>
      <AutomaticallyPopulate>true</AutomaticallyPopulate>
      <ResourceType>Worker</ResourceType>
      <EmailAddress />
      <UserId />
    </LastModifiedUser>
    <LastModifiedDate>2018-11-06T11:35:16.173</LastModifiedDate>
    <NTName>pblack</NTName>
    <Overwrite>false</Overwrite>
    <GroupId>
      <Id />
      <AutomaticallyPopulate>true</AutomaticallyPopulate>
      <Name />
      <ResourceType>Worker</ResourceType>
      <EmailAddress />
      <UserId />
    </GroupId>
    <ExtensionFields />
    <ResourceType>0</ResourceType>
    <FixedCostRate>0</FixedCostRate>
    <VariableCostRate>0</VariableCostRate>
    <VariableCostPeriod>Days</VariableCostPeriod>
    <WorkingCategory>
      <Id>201F370CA5164F76ADDD8EEEFF666AF7</Id>
      <AutomaticallyPopulate>true</AutomaticallyPopulate>
      <Name>Default Category</Name>
    </WorkingCategory>
    <Password />
    <ManagerialLevel>1</ManagerialLevel>
    <WorkingGroup>
      <Id />
      <AutomaticallyPopulate>true</AutomaticallyPopulate>
      <Name />
      <ResourceType>Worker</ResourceType>
      <EmailAddress />
      <UserId />
    </WorkingGroup>
    <StartDate xsi:nil="true" />
    <EndDate xsi:nil="true" />
    <PasswordChanged>false</PasswordChanged>
    <SecurityKey>CC8958F758604A89B5DC85A0317F45AE</SecurityKey>
    <PhoneNumber />
    <IsLockedOut>false</IsLockedOut>
    <ChangePasswordOnNextLogon>false</ChangePasswordOnNextLogon>
    <LockedOutDateTime xsi:nil="true" />
    <ProfilePictureName />
  </WorkerResource>
</ArrayOfWorkerResource>