<?xml version="1.0" encoding="utf-16"?>
<ArrayOfClassificationGroup xmlns:xsd="http://www.w3.org/2001/XMLSchema" xmlns:xsi="http://www.w3.org/2001/XMLSchema-instance">
  <ClassificationGroup>
    <Identity>
      <Id>BC2ACAD40352C2AE2EECA483F3E13789</Id>
      <AutomaticallyPopulate>true</AutomaticallyPopulate>
      <Version>5</Version>
      <Name>Loan Applications</Name>
    </Identity>
    <Name>Loan Applications</Name>
    <Description />
    <Status>Released</Status>
    <IsShared>false</IsShared>
    <Category>
      <Id>D2EE3568320A4D27841780282C65AE54</Id>
      <AutomaticallyPopulate>true</AutomaticallyPopulate>
      <Name>Applications</Name>
    </Category>
    <DocumentGroups>
      <DocumentGroupIdentity>
        <Id>8C76DE200A6F309E4A57AB9629AE5644</Id>
        <AutomaticallyPopulate>true</AutomaticallyPopulate>
        <Version>3</Version>
        <Name>Loan Applications</Name>
      </DocumentGroupIdentity>
    </DocumentGroups>
    <LastModifiedDate>2019-07-01T09:16:50.683</LastModifiedDate>
    <LastModifiedUser>
      <Id>27614627407D431D8E043D72E210C615</Id>
      <AutomaticallyPopulate>true</AutomaticallyPopulate>
      <ResourceType>Worker</ResourceType>
      <EmailAddress />
      <UserId />
      <ManagerialLevel>0</ManagerialLevel>
    </LastModifiedUser>
    <LockedByModule>None</LockedByModule>
    <ClassificationOnlineLearningEnabled>true</ClassificationOnlineLearningEnabled>
    <ClassificationMaxDocCount>2000</ClassificationMaxDocCount>
    <ClassificationOnlineLearningFolderId>5975580A47434808B957AA7A00F04003</ClassificationOnlineLearningFolderId>
    <ResourceAccessTokens>
      <ResourceAccess>
        <ResourceIdentity>
          <Id>7DF43CCDF24611D2804B00104B71BD15</Id>
          <AutomaticallyPopulate>true</AutomaticallyPopulate>
          <Name>Everyone</Name>
          <ResourceType>GroupOfWorkers</ResourceType>
          <EmailAddress />
          <UserId />
          <ManagerialLevel>0</ManagerialLevel>
        </ResourceIdentity>
        <AccessType>MaintenanceAccess</AccessType>
        <PermissionType>FullControl</PermissionType>
      </ResourceAccess>
    </ResourceAccessTokens>
    <ResourcePermissionType>NoAccess</ResourcePermissionType>
  </ClassificationGroup>
</ArrayOfClassificationGroup>