<?xml version="1.0" encoding="utf-16"?>
<ArrayOfFolderType xmlns:xsd="http://www.w3.org/2001/XMLSchema" xmlns:xsi="http://www.w3.org/2001/XMLSchema-instance">
  <FolderType>
    <Identity>
      <Id>A264242476E84EE1A1A44D7267BD68A8</Id>
      <Version>1</Version>
      <Name>Applications</Name>
    </Identity>
    <Name>Applications</Name>
    <Description />
    <Status>Released</Status>
    <Category>
      <Id>7DB0B70848874FA69390068F3FDF1B0E</Id>
      <AutomaticallyPopulate>true</AutomaticallyPopulate>
      <Name>Applications</Name>
    </Category>
    <LastModifiedDate>2018-11-06T11:43:13.577</LastModifiedDate>
    <LastModifiedUser>
      <Id>5B14530BB1E740BD856842129F2562A6</Id>
      <AutomaticallyPopulate>true</AutomaticallyPopulate>
      <ResourceType>Worker</ResourceType>
      <EmailAddress />
      <UserId />
    </LastModifiedUser>
    <LockedBy>
      <Id>5B14530BB1E740BD856842129F2562A6</Id>
      <AutomaticallyPopulate>true</AutomaticallyPopulate>
      <Name>Trainee</Name>
      <ResourceType>Worker</ResourceType>
      <EmailAddress />
      <UserId />
    </LockedBy>
    <LockedByModule>TotalAgilityDesigner</LockedByModule>
    <FieldGroups>
      <FieldGroup>
        <Identity>
          <Id>172F1834D9C841DC9EBDC4B482F9CC70</Id>
        </Identity>
        <Name>Scan Details</Name>
        <Fields>
          <CaptureField xsi:type="SimpleField">
            <Identity>
              <Id>66CA0F528C014B8CBA3C15FC64BFC463</Id>
              <Name />
            </Identity>
            <Name>ScanOperator</Name>
            <DisplayName>Scan Operator</DisplayName>
            <Description />
            <FieldType>Text</FieldType>
            <Validators />
            <Formatter>
              <Id />
              <Name />
            </Formatter>
            <Verification>
              <IsVerificationDisplayField>false</IsVerificationDisplayField>
              <VerificationMode>Confirm</VerificationMode>
              <CanChangeFieldValue>true</CanChangeFieldValue>
              <ShowFieldValueIfNoMatch>false</ShowFieldValueIfNoMatch>
            </Verification>
            <IsInherited>false</IsInherited>
            <RequireManualFieldConfirmation>false</RequireManualFieldConfirmation>
            <AlwaysValid>false</AlwaysValid>
            <IsOverridden>false</IsOverridden>
            <IsFormatterOverridden>false</IsFormatterOverridden>
            <MonitorForAutomaticOnlineLearning>false</MonitorForAutomaticOnlineLearning>
            <Editable>false</Editable>
            <IsOptional>false</IsOptional>
            <FormatterInputs />
            <FieldGroupName />
            <FieldGroupId />
            <ExcludeFromAnalytics>false</ExcludeFromAnalytics>
            <MaskValueInAnalytics>false</MaskValueInAnalytics>
            <MaskImageForHiddenField>false</MaskImageForHiddenField>
            <ChoiceItemsSource />
            <Lookup />
          </CaptureField>
          <CaptureField xsi:type="SimpleField">
            <Identity>
              <Id>0E924C2A67E14542A4BCD2F6957C5D00</Id>
              <Name />
            </Identity>
            <Name>ScanDate</Name>
            <DisplayName>Scan Date</DisplayName>
            <Description />
            <FieldType>Date</FieldType>
            <Validators />
            <Formatter>
              <Id />
              <Name />
            </Formatter>
            <Verification>
              <IsVerificationDisplayField>false</IsVerificationDisplayField>
              <VerificationMode>Confirm</VerificationMode>
              <CanChangeFieldValue>true</CanChangeFieldValue>
              <ShowFieldValueIfNoMatch>false</ShowFieldValueIfNoMatch>
            </Verification>
            <IsInherited>false</IsInherited>
            <RequireManualFieldConfirmation>false</RequireManualFieldConfirmation>
            <AlwaysValid>false</AlwaysValid>
            <IsOverridden>false</IsOverridden>
            <IsFormatterOverridden>false</IsFormatterOverridden>
            <MonitorForAutomaticOnlineLearning>false</MonitorForAutomaticOnlineLearning>
            <Editable>false</Editable>
            <IsOptional>false</IsOptional>
            <FormatterInputs />
            <FieldGroupName />
            <FieldGroupId />
            <ExcludeFromAnalytics>false</ExcludeFromAnalytics>
            <MaskValueInAnalytics>false</MaskValueInAnalytics>
            <MaskImageForHiddenField>false</MaskImageForHiddenField>
            <DefaultValue xsi:type="xsd:string">11/6/2018</DefaultValue>
            <ChoiceItemsSource />
            <Lookup />
          </CaptureField>
          <CaptureField xsi:type="SimpleField">
            <Identity>
              <Id>D3A9F33DC366407E856358A136A91F67</Id>
              <Name />
            </Identity>
            <Name>Location</Name>
            <DisplayName>Location</DisplayName>
            <Description />
            <FieldType>Text</FieldType>
            <Validators />
            <Formatter>
              <Id />
              <Name />
            </Formatter>
            <Verification>
              <IsVerificationDisplayField>false</IsVerificationDisplayField>
              <VerificationMode>Confirm</VerificationMode>
              <CanChangeFieldValue>true</CanChangeFieldValue>
              <ShowFieldValueIfNoMatch>false</ShowFieldValueIfNoMatch>
            </Verification>
            <IsInherited>false</IsInherited>
            <RequireManualFieldConfirmation>false</RequireManualFieldConfirmation>
            <AlwaysValid>false</AlwaysValid>
            <IsOverridden>false</IsOverridden>
            <IsFormatterOverridden>false</IsFormatterOverridden>
            <MonitorForAutomaticOnlineLearning>false</MonitorForAutomaticOnlineLearning>
            <Editable>false</Editable>
            <IsOptional>false</IsOptional>
            <FormatterInputs />
            <FieldGroupName />
            <FieldGroupId />
            <ExcludeFromAnalytics>false</ExcludeFromAnalytics>
            <MaskValueInAnalytics>false</MaskValueInAnalytics>
            <MaskImageForHiddenField>false</MaskImageForHiddenField>
            <ChoiceItemsSource />
            <Lookup />
          </CaptureField>
        </Fields>
        <ResourceACL>
          <ResourceIdentity>
            <Id>7DF43CCDF24611D2804B00104B71BD15</Id>
            <AutomaticallyPopulate>true</AutomaticallyPopulate>
            <Name>Everyone</Name>
            <ResourceType>GroupOfWorkers</ResourceType>
            <EmailAddress />
            <UserId />
          </ResourceIdentity>
        </ResourceACL>
        <ImageRedactionZones />
        <IsInherited>false</IsInherited>
        <MaskImageForHiddenFields>false</MaskImageForHiddenFields>
      </FieldGroup>
    </FieldGroups>
    <FieldValidators />
    <FolderValidatorCollection />
    <ChildFolderTypes />
    <NameTemplate>[FolderType]</NameTemplate>
    <ProcessSubfoldersForValidation>false</ProcessSubfoldersForValidation>
    <Forms />
    <ResourceAccessTokens>
      <ResourceAccess>
        <ResourceIdentity>
          <Id>7DF43CCDF24611D2804B00104B71BD15</Id>
          <AutomaticallyPopulate>true</AutomaticallyPopulate>
          <Name>Everyone</Name>
          <ResourceType>GroupOfWorkers</ResourceType>
          <EmailAddress />
          <UserId />
        </ResourceIdentity>
        <AccessType>MaintenanceAccess</AccessType>
        <PermissionType>FullControl</PermissionType>
      </ResourceAccess>
    </ResourceAccessTokens>
    <ResourcePermissionType>FullControl</ResourcePermissionType>
  </FolderType>
</ArrayOfFolderType>