<?xml version="1.0" encoding="utf-16"?>
<ArrayOfFolderType xmlns:xsd="http://www.w3.org/2001/XMLSchema" xmlns:xsi="http://www.w3.org/2001/XMLSchema-instance">
  <FolderType>
    <Identity>
      <Id>5ADE2015981983F703C13AD6CB24E914</Id>
      <AutomaticallyPopulate>true</AutomaticallyPopulate>
      <Version>2</Version>
      <Name>Applications</Name>
    </Identity>
    <Name>Applications</Name>
    <Description />
    <Status>Released</Status>
    <Category>
      <Id>D2EE3568320A4D27841780282C65AE54</Id>
      <AutomaticallyPopulate>true</AutomaticallyPopulate>
      <Name>Applications</Name>
    </Category>
    <LastModifiedDate>2019-06-28T15:21:31.14</LastModifiedDate>
    <LastModifiedUser>
      <Id>27614627407D431D8E043D72E210C615</Id>
      <AutomaticallyPopulate>true</AutomaticallyPopulate>
      <ResourceType>Worker</ResourceType>
      <EmailAddress />
      <UserId />
      <ManagerialLevel>0</ManagerialLevel>
    </LastModifiedUser>
    <LockedByModule>None</LockedByModule>
    <FieldGroups>
      <FieldGroup>
        <Identity>
          <Id>94DBAE0B13F2D9D3887CED6A40634D74</Id>
        </Identity>
        <Name>Scan Details</Name>
        <Fields>
          <CaptureField xsi:type="SimpleField">
            <Identity>
              <Id>01E6FF72F51F29DC55A65D1EC33332D8</Id>
              <Name />
            </Identity>
            <Name>ScanOperator</Name>
            <DisplayName>Scan Operator</DisplayName>
            <Description />
            <FieldType>Text</FieldType>
            <Validators />
            <Formatter>
              <Id />
              <Name />
            </Formatter>
            <Verification>
              <IsVerificationDisplayField>false</IsVerificationDisplayField>
              <VerificationMode>Confirm</VerificationMode>
              <CanChangeFieldValue>true</CanChangeFieldValue>
              <ShowFieldValueIfNoMatch>false</ShowFieldValueIfNoMatch>
            </Verification>
            <IsInherited>false</IsInherited>
            <RequireManualFieldConfirmation>false</RequireManualFieldConfirmation>
            <AlwaysValid>false</AlwaysValid>
            <IsOverridden>false</IsOverridden>
            <IsFormatterOverridden>false</IsFormatterOverridden>
            <MonitorForAutomaticOnlineLearning>false</MonitorForAutomaticOnlineLearning>
            <Editable>false</Editable>
            <IsOptional>false</IsOptional>
            <FormatterInputs />
            <FieldGroupName />
            <FieldGroupId />
            <ExcludeFromAnalytics>true</ExcludeFromAnalytics>
            <MaskValueInAnalytics>false</MaskValueInAnalytics>
            <MaskImageForHiddenField>false</MaskImageForHiddenField>
            <DefaultValue xsi:type="xsd:string" />
            <ChoiceItemsSource />
            <Lookup />
          </CaptureField>
          <CaptureField xsi:type="SimpleField">
            <Identity>
              <Id>5FCB691F9501EFBE39743CD8A8E82A1B</Id>
              <Name />
            </Identity>
            <Name>ScanDate</Name>
            <DisplayName>Scan Date</DisplayName>
            <Description />
            <FieldType>Date</FieldType>
            <Validators />
            <Formatter>
              <Id />
              <Name />
            </Formatter>
            <Verification>
              <IsVerificationDisplayField>false</IsVerificationDisplayField>
              <VerificationMode>Confirm</VerificationMode>
              <CanChangeFieldValue>true</CanChangeFieldValue>
              <ShowFieldValueIfNoMatch>false</ShowFieldValueIfNoMatch>
            </Verification>
            <IsInherited>false</IsInherited>
            <RequireManualFieldConfirmation>false</RequireManualFieldConfirmation>
            <AlwaysValid>false</AlwaysValid>
            <IsOverridden>false</IsOverridden>
            <IsFormatterOverridden>false</IsFormatterOverridden>
            <MonitorForAutomaticOnlineLearning>false</MonitorForAutomaticOnlineLearning>
            <Editable>false</Editable>
            <IsOptional>false</IsOptional>
            <FormatterInputs />
            <FieldGroupName />
            <FieldGroupId />
            <ExcludeFromAnalytics>true</ExcludeFromAnalytics>
            <MaskValueInAnalytics>false</MaskValueInAnalytics>
            <MaskImageForHiddenField>false</MaskImageForHiddenField>
            <DefaultValue xsi:type="xsd:string">28/06/2019</DefaultValue>
            <ChoiceItemsSource />
            <Lookup />
          </CaptureField>
          <CaptureField xsi:type="SimpleField">
            <Identity>
              <Id>00F4111CE05371D6793CBCFB2A679146</Id>
              <Name />
            </Identity>
            <Name>Location</Name>
            <DisplayName>Location</DisplayName>
            <Description />
            <FieldType>Text</FieldType>
            <Validators />
            <Formatter>
              <Id />
              <Name />
            </Formatter>
            <Verification>
              <IsVerificationDisplayField>false</IsVerificationDisplayField>
              <VerificationMode>Confirm</VerificationMode>
              <CanChangeFieldValue>true</CanChangeFieldValue>
              <ShowFieldValueIfNoMatch>false</ShowFieldValueIfNoMatch>
            </Verification>
            <IsInherited>false</IsInherited>
            <RequireManualFieldConfirmation>false</RequireManualFieldConfirmation>
            <AlwaysValid>false</AlwaysValid>
            <IsOverridden>false</IsOverridden>
            <IsFormatterOverridden>false</IsFormatterOverridden>
            <MonitorForAutomaticOnlineLearning>false</MonitorForAutomaticOnlineLearning>
            <Editable>false</Editable>
            <IsOptional>false</IsOptional>
            <FormatterInputs />
            <FieldGroupName />
            <FieldGroupId />
            <ExcludeFromAnalytics>true</ExcludeFromAnalytics>
            <MaskValueInAnalytics>false</MaskValueInAnalytics>
            <MaskImageForHiddenField>false</MaskImageForHiddenField>
            <DefaultValue xsi:type="xsd:string" />
            <ChoiceItemsSource />
            <Lookup />
          </CaptureField>
        </Fields>
        <ResourceACL>
          <ResourceIdentity>
            <Id>7DF43CCDF24611D2804B00104B71BD15</Id>
            <AutomaticallyPopulate>true</AutomaticallyPopulate>
            <Name>Everyone</Name>
            <ResourceType>GroupOfWorkers</ResourceType>
            <EmailAddress />
            <UserId />
            <ManagerialLevel>0</ManagerialLevel>
          </ResourceIdentity>
        </ResourceACL>
        <ImageRedactionZones />
        <IsInherited>false</IsInherited>
        <MaskImageForHiddenFields>false</MaskImageForHiddenFields>
      </FieldGroup>
    </FieldGroups>
    <FieldValidators />
    <FolderValidatorCollection />
    <ChildFolderTypes />
    <NameTemplate>[FolderType]</NameTemplate>
    <ProcessSubfoldersForValidation>false</ProcessSubfoldersForValidation>
    <Forms>
      <ScanForm>
        <Id />
        <AutomaticallyPopulate>true</AutomaticallyPopulate>
        <Version>0</Version>
      </ScanForm>
      <ValidationForm>
        <Id />
        <AutomaticallyPopulate>true</AutomaticallyPopulate>
        <Version>0</Version>
      </ValidationForm>
      <VerificationForm>
        <Id />
        <AutomaticallyPopulate>true</AutomaticallyPopulate>
        <Version>0</Version>
      </VerificationForm>
      <DocumentReviewForm>
        <Id />
        <AutomaticallyPopulate>true</AutomaticallyPopulate>
        <Version>0</Version>
      </DocumentReviewForm>
    </Forms>
    <ResourceAccessTokens>
      <ResourceAccess>
        <ResourceIdentity>
          <Id>7DF43CCDF24611D2804B00104B71BD15</Id>
          <AutomaticallyPopulate>true</AutomaticallyPopulate>
          <Name>Everyone</Name>
          <ResourceType>GroupOfWorkers</ResourceType>
          <EmailAddress />
          <UserId />
          <ManagerialLevel>0</ManagerialLevel>
        </ResourceIdentity>
        <AccessType>MaintenanceAccess</AccessType>
        <PermissionType>FullControl</PermissionType>
      </ResourceAccess>
    </ResourceAccessTokens>
    <ResourcePermissionType>FullControl</ResourcePermissionType>
  </FolderType>
</ArrayOfFolderType>