<?xml version="1.0" encoding="utf-16"?>
<ArrayOfSeparationProfile xmlns:xsd="http://www.w3.org/2001/XMLSchema" xmlns:xsi="http://www.w3.org/2001/XMLSchema-instance">
  <SeparationProfile>
    <Identity>
      <Id>21C889A9B759EC5FDE371EB900E67CD8</Id>
      <Name>Separate Applications</Name>
    </Identity>
    <Description />
    <DocumentSeparation>
      <DocumentSeparation>FixedSheet</DocumentSeparation>
      <BarcodeTypes />
      <PatchCodeType>PatchCodeI</PatchCodeType>
      <StartNewDocumentWhen>BarcodeTypeFound</StartNewDocumentWhen>
      <BarcodeSeparation>true</BarcodeSeparation>
      <PatchCodeSeparation>false</PatchCodeSeparation>
      <BarcodeChecksum>false</BarcodeChecksum>
      <ValueStartText />
      <ValueStartTextUsesRegularExpression>false</ValueStartTextUsesRegularExpression>
      <UseBarcodeValueForDocumentType>false</UseBarcodeValueForDocumentType>
      <DeletePatchCodeSeparatorSheet>false</DeletePatchCodeSeparatorSheet>
      <SheetsPerDocument>1</SheetsPerDocument>
      <DeleteBarCodeSeparatorSheet>false</DeleteBarCodeSeparatorSheet>
    </DocumentSeparation>
    <FolderSeparation>
      <FolderSeparation>Manual</FolderSeparation>
      <BarcodeTypes />
      <PatchCodeType>PatchCodeI</PatchCodeType>
      <CreateNewFolderWhen>BarcodeTypeFound</CreateNewFolderWhen>
      <BarcodeSeparation>true</BarcodeSeparation>
      <PatchCodeSeparation>false</PatchCodeSeparation>
      <BarcodeChecksum>false</BarcodeChecksum>
      <ValueStartText />
      <ValueStartTextUsesRegularExpression>false</ValueStartTextUsesRegularExpression>
      <UseBarcodeValueForFolderName>false</UseBarcodeValueForFolderName>
      <DeletePatchCodeSeparatorSheet>false</DeletePatchCodeSeparatorSheet>
      <DeleteBarCodeSeparatorSheet>false</DeleteBarCodeSeparatorSheet>
    </FolderSeparation>
    <ResourceACL />
    <LastModifiedDate>2019-06-28T14:20:56.68+01:00</LastModifiedDate>
  </SeparationProfile>
</ArrayOfSeparationProfile>