<?xml version="1.0" encoding="utf-16"?>
<ArrayOfProjectInfo xmlns:xsd="http://www.w3.org/2001/XMLSchema" xmlns:xsi="http://www.w3.org/2001/XMLSchema-instance">
  <ProjectInfo>
    <Identity>
      <Id>E8C124FBB57B440390752AE1E5645A83</Id>
      <Version>2</Version>
      <Name>Proof Of Identity</Name>
    </Identity>
    <Category>
      <Id>BDCE0DCA27274D5DBF8AFA92134115B6</Id>
      <AutomaticallyPopulate>true</AutomaticallyPopulate>
      <Name>XYZ Bank</Name>
    </Category>
    <Name>Proof Of Identity</Name>
    <Description />
    <Status>Released</Status>
    <LastModifiedProjectFile>2018-09-13T13:51:08.393</LastModifiedProjectFile>
    <LastModifiedProjectFolderZip>0001-01-01T00:00:00</LastModifiedProjectFolderZip>
    <LastModifiedUser>
      <Id>344FDD7CBA7349929F2EEACF453947C6</Id>
      <AutomaticallyPopulate>true</AutomaticallyPopulate>
      <Name />
      <ResourceType>Worker</ResourceType>
      <EmailAddress />
      <UserId />
    </LastModifiedUser>
    <OnlineLearningFolderId />
    <ProjectType>DocumentGroup</ProjectType>
    <IsOnlineLearningEnabled>false</IsOnlineLearningEnabled>
    <IsSeparationEnabled>false</IsSeparationEnabled>
    <LockedByModule>None</LockedByModule>
    <IsSimpleProject>false</IsSimpleProject>
    <TrainingSetPath />
    <UsedLicenseFeatures>None</UsedLicenseFeatures>
    <IsReadOnly>false</IsReadOnly>
    <DoUpgrade>false</DoUpgrade>
    <CustomVersion>0</CustomVersion>
    <IsLimitedToOnlineLearning>false</IsLimitedToOnlineLearning>
  </ProjectInfo>
</ArrayOfProjectInfo>