<?xml version="1.0" encoding="utf-16"?>
<ArrayOfThreadPool xmlns:xsd="http://www.w3.org/2001/XMLSchema" xmlns:xsi="http://www.w3.org/2001/XMLSchema-instance">
  <ThreadPool>
    <Identity>
      <Id>1</Id>
      <Name>Default Transformation Server Thread Pool</Name>
    </Identity>
    <Size>0</Size>
    <Max>0</Max>
    <Min>0</Min>
    <Urgency>0</Urgency>
    <ThreadPoolType>1</ThreadPoolType>
  </ThreadPool>
  <ThreadPool>
    <Identity>
      <Id>0</Id>
      <Name>Default Thread Pool</Name>
    </Identity>
    <Size>16</Size>
    <Max>0</Max>
    <Min>0</Min>
    <Urgency>1</Urgency>
    <ThreadPoolType>0</ThreadPoolType>
  </ThreadPool>
</ArrayOfThreadPool>