<?xml version="1.0" encoding="utf-16"?>
<ArrayOfScanVrsProfile xmlns:xsd="http://www.w3.org/2001/XMLSchema" xmlns:xsi="http://www.w3.org/2001/XMLSchema-instance">
  <ScanVrsProfile>
    <Identity>
      <Id>0BDEEA96784E0C05891DA4EBE1AE84E4</Id>
      <Name>Mobile Device</Name>
    </Identity>
    <Description />
    <PaperSize>MM210X297</PaperSize>
    <Orientation>Any</Orientation>
    <Duplex>Simplex</Duplex>
    <PaperSource>Any</PaperSource>
    <Resolution>200</Resolution>
    <ResultPixelType>BW1Bit</ResultPixelType>
    <Deskew>true</Deskew>
    <AutoCrop>true</AutoCrop>
    <DiscardBlankPages>true</DiscardBlankPages>
    <AutoRotate>true</AutoRotate>
    <ImageEnhancementSettings>true</ImageEnhancementSettings>
    <TiffCompression>false</TiffCompression>
    <CompressionQuality>85</CompressionQuality>
    <EvrsSettings />
    <ResourceACL />
    <LongEdgeLength>0</LongEdgeLength>
    <ShortEdgeLength>0</ShortEdgeLength>
    <PaperSizeUserChangeable>true</PaperSizeUserChangeable>
    <ResolutionUserChangeable>true</ResolutionUserChangeable>
    <DuplexUserChangeable>true</DuplexUserChangeable>
    <ResultPixelTypeUserChangeable>true</ResultPixelTypeUserChangeable>
    <EvrsSettingsOnly>false</EvrsSettingsOnly>
    <TreatLowResAsCameraImage>false</TreatLowResAsCameraImage>
  </ScanVrsProfile>
</ArrayOfScanVrsProfile>