<?xml version="1.0" encoding="utf-16"?>
<ArrayOfLookup xmlns:xsd="http://www.w3.org/2001/XMLSchema" xmlns:xsi="http://www.w3.org/2001/XMLSchema-instance">
  <Lookup>
    <Identity>
      <Id>6500E50C720142339CA9A5AD2B5B9D35</Id>
      <Name>Employment Status</Name>
    </Identity>
    <CategoryIdentity>
      <Id>BDCE0DCA27274D5DBF8AFA92134115B6</Id>
      <AutomaticallyPopulate>true</AutomaticallyPopulate>
      <Name />
    </CategoryIdentity>
    <LastModifiedDate>2019-06-28T14:32:14.407</LastModifiedDate>
    <Items>
      <ChoiceDataSourceEntity>
        <IsInputPrompt>false</IsInputPrompt>
        <Id>DADA185C8761CDFF8CF908427D293591</Id>
        <DisplayMember xsi:type="xsd:string">Employed</DisplayMember>
        <ValueMember xsi:type="xsd:string">Employed</ValueMember>
        <IsDefaultValue>false</IsDefaultValue>
        <IsInherited>false</IsInherited>
      </ChoiceDataSourceEntity>
      <ChoiceDataSourceEntity>
        <IsInputPrompt>false</IsInputPrompt>
        <Id>5C9AFDEA0FF9E86F71F24658B214E342</Id>
        <DisplayMember xsi:type="xsd:string">Self Employed</DisplayMember>
        <ValueMember xsi:type="xsd:string">Self Employed</ValueMember>
        <IsDefaultValue>false</IsDefaultValue>
        <IsInherited>false</IsInherited>
      </ChoiceDataSourceEntity>
      <ChoiceDataSourceEntity>
        <IsInputPrompt>false</IsInputPrompt>
        <Id>9F2D735F708BF2FA1A4F1347371311CC</Id>
        <DisplayMember xsi:type="xsd:string">Unemployed</DisplayMember>
        <ValueMember xsi:type="xsd:string">Unemployed</ValueMember>
        <IsDefaultValue>false</IsDefaultValue>
        <IsInherited>false</IsInherited>
      </ChoiceDataSourceEntity>
    </Items>
    <LastModifiedUser>
      <Id>27614627407D431D8E043D72E210C615</Id>
      <AutomaticallyPopulate>true</AutomaticallyPopulate>
      <ResourceType>Worker</ResourceType>
      <EmailAddress />
      <UserId />
      <ManagerialLevel>0</ManagerialLevel>
    </LastModifiedUser>
    <LanguageItems />
    <HasTranslatedItems>true</HasTranslatedItems>
    <DefaultValue />
    <Description />
  </Lookup>
</ArrayOfLookup>