<?xml version="1.0" encoding="utf-16"?><SpaPackageImportExportData xmlns:xsd="http://www.w3.org/2001/XMLSchema" xmlns:xsi="http://www.w3.org/2001/XMLSchema-instance" dbversion="7.600000"><PackageSummary><SpaPackageIdentity><Id>F01B57A158874A19A4B0E7E50DBFF429</Id><Name>Loan Applications</Name><Version>1</Version></SpaPackageIdentity><Description /><CategoryIdentity><Id>D2EE3568320A4D27841780282C65AE54</Id><AutomaticallyPopulate>true</AutomaticallyPopulate><Name>Applications</Name></CategoryIdentity><LastModifiedDateTime>2019-07-01T13:48:50.8</LastModifiedDateTime><LastModifiedResource><Id>27614627407D431D8E043D72E210C615</Id><AutomaticallyPopulate>true</AutomaticallyPopulate><Name>Trainee</Name><ResourceType>Worker</ResourceType><EmailAddress /><UserId /><ManagerialLevel>0</ManagerialLevel></LastModifiedResource><Comments /><ResourceAccessTokens><ResourceAccess><ResourceIdentity><Id>7DF43CCDF24611D2804B00104B71BD15</Id><AutomaticallyPopulate>true</AutomaticallyPopulate><Name>Everyone</Name><ResourceType>GroupOfWorkers</ResourceType><EmailAddress /><UserId /><ManagerialLevel>0</ManagerialLevel></ResourceIdentity><AccessType>MaintenanceAccess</AccessType><PermissionType>FullControl</PermissionType></ResourceAccess></ResourceAccessTokens><PermissionType>FullControl</PermissionType></PackageSummary><Processes><ImportExportPackageSummaryOfProcessIdentity><Identity><Id>51B762E170504C3D8E4FC1A4650106FE</Id><AutomaticallyPopulate>true</AutomaticallyPopulate><Version>16</Version><Name>Loan Application</Name></Identity><LastModifiedBy><Id>27614627407D431D8E043D72E210C615</Id><AutomaticallyPopulate>true</AutomaticallyPopulate><ResourceType>Worker</ResourceType><EmailAddress /><UserId /><ManagerialLevel>0</ManagerialLevel></LastModifiedBy><LastModified>2019-07-01T12:11:25.593</LastModified></ImportExportPackageSummaryOfProcessIdentity><ImportExportPackageSummaryOfProcessIdentity><Identity><Id>FA33AE55EE15B6586668296DBC979F9E</Id><AutomaticallyPopulate>true</AutomaticallyPopulate><Version>8</Version><Name>Capture Applications</Name></Identity><LastModifiedBy><Id>27614627407D431D8E043D72E210C615</Id><AutomaticallyPopulate>true</AutomaticallyPopulate><ResourceType>Worker</ResourceType><EmailAddress /><UserId /><ManagerialLevel>0</ManagerialLevel></LastModifiedBy><LastModified>2019-07-01T13:14:53.34</LastModified></ImportExportPackageSummaryOfProcessIdentity></Processes><ProcessExportOption><ExportResources>false</ExportResources><ExportGroupResourceMembers>false</ExportGroupResourceMembers><ExportResourcesExtensions>false</ExportResourcesExtensions><ExportCategories>false</ExportCategories><WithCategoryParentage>false</WithCategoryParentage><GeneralizedExport>false</GeneralizedExport><ExportDotNetReferencesWithPath>true</ExportDotNetReferencesWithPath><ExportCaseFragments>false</ExportCaseFragments><ExportTemplateSkins>false</ExportTemplateSkins><ExportExtractionClassificationData>true</ExportExtractionClassificationData><ExportType>CombineAssociatedMaps</ExportType><Version>0</Version><ExportServerVariables>true</ExportServerVariables><PreloadScript>1</PreloadScript><SleepDuration>0</SleepDuration><CategoryIds /><ProcessDocument>false</ProcessDocument><ProcessViewer>false</ProcessViewer><DotNetActivityType>0</DotNetActivityType><Projects /><AllProcessVariables /><ExportOnlyDocumentGroupIdentityDetails>false</ExportOnlyDocumentGroupIdentityDetails><SiteDetailsRequired>false</SiteDetailsRequired><CmisSiteDetailsRequired>false</CmisSiteDetailsRequired><Assets /><PerceptiveSiteDetailsRequired>false</PerceptiveSiteDetailsRequired><IncludeExportConnectorMappings>true</IncludeExportConnectorMappings><IsSpaExport>false</IsSpaExport><ProcessType>BusinessProcess</ProcessType><ProtectedItems /><ExportPageRenditions>false</ExportPageRenditions><ExportReportingTags>false</ExportReportingTags></ProcessExportOption><WorkAllocationRules /><Skins /><BusinessRules /><Assets><ImportExportPackageSummaryOfAssetIdentity><Identity><Id>A69A216B956B48FDA6FFE797A9FC6C17</Id><Name>LoanConfirmation.dotx</Name><AssetType>Template</AssetType><AutomaticallyPopulate>true</AutomaticallyPopulate></Identity><LastModifiedBy><Id /><AutomaticallyPopulate>true</AutomaticallyPopulate><ResourceType>Worker</ResourceType><EmailAddress /><UserId /><ManagerialLevel>0</ManagerialLevel></LastModifiedBy><LastModified>2016-08-11T14:40:02.717</LastModified></ImportExportPackageSummaryOfAssetIdentity><ImportExportPackageSummaryOfAssetIdentity><Identity><Id>68B966A5E3FF4FC193C8A035F43356BD</Id><Name>TotalAgilityWorkspace.css</Name><AssetType>StyleSheet</AssetType><AutomaticallyPopulate>true</AutomaticallyPopulate></Identity><LastModifiedBy><Id /><AutomaticallyPopulate>true</AutomaticallyPopulate><ResourceType>Worker</ResourceType><EmailAddress /><UserId /><ManagerialLevel>0</ManagerialLevel></LastModifiedBy><LastModified>2018-03-23T15:15:10.537</LastModified></ImportExportPackageSummaryOfAssetIdentity><ImportExportPackageSummaryOfAssetIdentity><Identity><Id>D485687AD7784D7EB863FB3F29984FE3</Id><Name>OnlineBankingHeader2.jpg</Name><AssetType>Image</AssetType><AutomaticallyPopulate>true</AutomaticallyPopulate></Identity><LastModifiedBy><Id /><AutomaticallyPopulate>true</AutomaticallyPopulate><ResourceType>Worker</ResourceType><EmailAddress /><UserId /><ManagerialLevel>0</ManagerialLevel></LastModifiedBy><LastModified>2019-07-01T11:37:51.697</LastModified></ImportExportPackageSummaryOfAssetIdentity></Assets><Forms><ImportExportPackageSummaryOfFormIdentity><Identity><Id>2BF38F165CC6476EABBC4711E24AEB2D</Id><AutomaticallyPopulate>false</AutomaticallyPopulate><Name>LA_CreateNewLoanApplication</Name><Version>1</Version></Identity><LastModifiedBy><Id>27614627407D431D8E043D72E210C615</Id><AutomaticallyPopulate>false</AutomaticallyPopulate><ResourceType>Worker</ResourceType><EmailAddress /><UserId /><ManagerialLevel>0</ManagerialLevel></LastModifiedBy><LastModified>2019-07-01T10:21:31.863</LastModified></ImportExportPackageSummaryOfFormIdentity><ImportExportPackageSummaryOfFormIdentity><Identity><Id>37C72B5AE85E47CA9E31AD1A985D7370</Id><AutomaticallyPopulate>false</AutomaticallyPopulate><Name>Capture Applications_Document Review</Name><Version>1</Version></Identity><LastModifiedBy><Id>27614627407D431D8E043D72E210C615</Id><AutomaticallyPopulate>false</AutomaticallyPopulate><ResourceType>Worker</ResourceType><EmailAddress /><UserId /><ManagerialLevel>0</ManagerialLevel></LastModifiedBy><LastModified>2019-06-28T14:59:04.78</LastModified></ImportExportPackageSummaryOfFormIdentity><ImportExportPackageSummaryOfFormIdentity><Identity><Id>399DD2955D3E4410A1E8F2D62A2025A2</Id><AutomaticallyPopulate>false</AutomaticallyPopulate><Name>LA_GenerateRejectionLetter</Name><Version>1</Version></Identity><LastModifiedBy><Id>27614627407D431D8E043D72E210C615</Id><AutomaticallyPopulate>false</AutomaticallyPopulate><ResourceType>Worker</ResourceType><EmailAddress /><UserId /><ManagerialLevel>0</ManagerialLevel></LastModifiedBy><LastModified>2019-07-01T10:30:48.537</LastModified></ImportExportPackageSummaryOfFormIdentity><ImportExportPackageSummaryOfFormIdentity><Identity><Id>42F2AF64563A431BA80192B4FA16DE6F</Id><AutomaticallyPopulate>false</AutomaticallyPopulate><Name>LA_LoanApproval</Name><Version>3</Version></Identity><LastModifiedBy><Id>27614627407D431D8E043D72E210C615</Id><AutomaticallyPopulate>false</AutomaticallyPopulate><ResourceType>Worker</ResourceType><EmailAddress /><UserId /><ManagerialLevel>0</ManagerialLevel></LastModifiedBy><LastModified>2019-07-01T11:36:56.59</LastModified></ImportExportPackageSummaryOfFormIdentity><ImportExportPackageSummaryOfFormIdentity><Identity><Id>4739E67C30304584B398F921CF53270C</Id><AutomaticallyPopulate>false</AutomaticallyPopulate><Name>LA_WaitForForms</Name><Version>1</Version></Identity><LastModifiedBy><Id>27614627407D431D8E043D72E210C615</Id><AutomaticallyPopulate>false</AutomaticallyPopulate><ResourceType>Worker</ResourceType><EmailAddress /><UserId /><ManagerialLevel>0</ManagerialLevel></LastModifiedBy><LastModified>2019-07-01T10:30:48.707</LastModified></ImportExportPackageSummaryOfFormIdentity><ImportExportPackageSummaryOfFormIdentity><Identity><Id>4F96A3E7E30A4E80B2CAA5D508A34908</Id><AutomaticallyPopulate>false</AutomaticallyPopulate><Name>LA_PostForms</Name><Version>1</Version></Identity><LastModifiedBy><Id>27614627407D431D8E043D72E210C615</Id><AutomaticallyPopulate>false</AutomaticallyPopulate><ResourceType>Worker</ResourceType><EmailAddress /><UserId /><ManagerialLevel>0</ManagerialLevel></LastModifiedBy><LastModified>2019-07-01T10:30:48.617</LastModified></ImportExportPackageSummaryOfFormIdentity><ImportExportPackageSummaryOfFormIdentity><Identity><Id>7F4A481E6C8C4C0A833228874949BD0D</Id><AutomaticallyPopulate>false</AutomaticallyPopulate><Name>ManualLogon</Name><Version>2</Version></Identity><LastModifiedBy><Id>27614627407D431D8E043D72E210C615</Id><AutomaticallyPopulate>false</AutomaticallyPopulate><ResourceType>Worker</ResourceType><EmailAddress /><UserId /><ManagerialLevel>0</ManagerialLevel></LastModifiedBy><LastModified>2019-07-01T11:51:06.85</LastModified></ImportExportPackageSummaryOfFormIdentity><ImportExportPackageSummaryOfFormIdentity><Identity><Id>EE96570DB179467D8D674A8772284B00</Id><AutomaticallyPopulate>false</AutomaticallyPopulate><Name>CaptureApplications_Scan</Name><Version>1</Version></Identity><LastModifiedBy><Id>27614627407D431D8E043D72E210C615</Id><AutomaticallyPopulate>false</AutomaticallyPopulate><ResourceType>Worker</ResourceType><EmailAddress /><UserId /><ManagerialLevel>0</ManagerialLevel></LastModifiedBy><LastModified>2019-06-28T14:59:16.607</LastModified></ImportExportPackageSummaryOfFormIdentity><ImportExportPackageSummaryOfFormIdentity><Identity><Id>F677601836C848DFAC8106952B4BC5A3</Id><AutomaticallyPopulate>false</AutomaticallyPopulate><Name>Capture Applications_Validation</Name><Version>1</Version></Identity><LastModifiedBy><Id>27614627407D431D8E043D72E210C615</Id><AutomaticallyPopulate>false</AutomaticallyPopulate><ResourceType>Worker</ResourceType><EmailAddress /><UserId /><ManagerialLevel>0</ManagerialLevel></LastModifiedBy><LastModified>2019-06-28T14:58:57.677</LastModified></ImportExportPackageSummaryOfFormIdentity></Forms><FormExportOptions><ExportHeader>false</ExportHeader><ExportNavigation>false</ExportNavigation><ExportGlobalVariables>true</ExportGlobalVariables><ExportWebServices>false</ExportWebServices><ExportBusinessRules>false</ExportBusinessRules><ExportSecurityTokens>false</ExportSecurityTokens><ExportSecurityRoles>false</ExportSecurityRoles><ExportRoleMembers>false</ExportRoleMembers><IsSpaExport>false</IsSpaExport></FormExportOptions><Navigations /><DeviceSettings /><Sites><ImportExportPackageSummaryOfSiteIdentity><Identity><Id>8172CBDD41CC4750A4149037416351A7</Id><AutomaticallyPopulate>true</AutomaticallyPopulate><Name>xyzbank</Name></Identity><LastModifiedBy><Id>27614627407D431D8E043D72E210C615</Id><AutomaticallyPopulate>true</AutomaticallyPopulate><ResourceType>Worker</ResourceType><EmailAddress /><UserId /><ManagerialLevel>0</ManagerialLevel></LastModifiedBy><LastModified>2019-07-01T11:36:22.627</LastModified></ImportExportPackageSummaryOfSiteIdentity></Sites><Themes><ImportExportPackageSummaryOfThemeIdentity><Identity><Id>0178FEA2525C4F3D8AC51E3C273D865D</Id><AutomaticallyPopulate>true</AutomaticallyPopulate><Name>TotalAgility Workspace</Name></Identity><LastModifiedBy><Id /><AutomaticallyPopulate>false</AutomaticallyPopulate><ResourceType>Worker</ResourceType><EmailAddress /><UserId /><ManagerialLevel>0</ManagerialLevel></LastModifiedBy><LastModified>2018-03-23T18:55:53.09</LastModified></ImportExportPackageSummaryOfThemeIdentity></Themes><Languages /><Lookups><ImportExportPackageSummaryOfLookupIdentity><Identity><Id>6500E50C720142339CA9A5AD2B5B9D35</Id><Name>Employment Status</Name></Identity><LastModifiedBy><Id>27614627407D431D8E043D72E210C615</Id><AutomaticallyPopulate>true</AutomaticallyPopulate><ResourceType>Worker</ResourceType><EmailAddress /><UserId /><ManagerialLevel>0</ManagerialLevel></LastModifiedBy><LastModified>2019-06-28T14:32:14.407</LastModified></ImportExportPackageSummaryOfLookupIdentity></Lookups><Resources><ImportExportPackageSummaryOfResourceIdentity><Identity><Id>4C3ED5B5144E4D8D9019C68CE8574FDA</Id><AutomaticallyPopulate>true</AutomaticallyPopulate><Name>Sharon Smyth</Name><ResourceType>Worker</ResourceType><EmailAddress>ssmyth@kofax.com</EmailAddress><UserId /><ManagerialLevel>0</ManagerialLevel></Identity><LastModifiedBy><Id>27614627407D431D8E043D72E210C615</Id><AutomaticallyPopulate>true</AutomaticallyPopulate><ResourceType>Worker</ResourceType><EmailAddress /><UserId /><ManagerialLevel>0</ManagerialLevel></LastModifiedBy><LastModified>2019-06-28T14:00:53.08</LastModified></ImportExportPackageSummaryOfResourceIdentity><ImportExportPackageSummaryOfResourceIdentity><Identity><Id>17BA8D077E9C4B3C97F801D9B2C7AA07</Id><AutomaticallyPopulate>true</AutomaticallyPopulate><Name>Jane Pike</Name><ResourceType>Worker</ResourceType><EmailAddress>jpike@Kofax.com</EmailAddress><UserId /><ManagerialLevel>0</ManagerialLevel></Identity><LastModifiedBy><Id>27614627407D431D8E043D72E210C615</Id><AutomaticallyPopulate>true</AutomaticallyPopulate><ResourceType>Worker</ResourceType><EmailAddress /><UserId /><ManagerialLevel>0</ManagerialLevel></LastModifiedBy><LastModified>2019-06-28T14:00:53.203</LastModified></ImportExportPackageSummaryOfResourceIdentity><ImportExportPackageSummaryOfResourceIdentity><Identity><Id>221E8FE22F894DB69D7658E806FEAE55</Id><AutomaticallyPopulate>true</AutomaticallyPopulate><Name>Approving Officers</Name><ResourceType>GroupOfWorkers</ResourceType><EmailAddress /><UserId /><ManagerialLevel>0</ManagerialLevel></Identity><LastModifiedBy><Id>27614627407D431D8E043D72E210C615</Id><AutomaticallyPopulate>true</AutomaticallyPopulate><ResourceType>Worker</ResourceType><EmailAddress /><UserId /><ManagerialLevel>0</ManagerialLevel></LastModifiedBy><LastModified>2019-06-28T14:00:53.037</LastModified></ImportExportPackageSummaryOfResourceIdentity><ImportExportPackageSummaryOfResourceIdentity><Identity><Id>BB78C4DBEE0548FD97717AD25FB56ECB</Id><AutomaticallyPopulate>true</AutomaticallyPopulate><Name>Admin</Name><ResourceType>GroupOfWorkers</ResourceType><EmailAddress /><UserId /><ManagerialLevel>0</ManagerialLevel></Identity><LastModifiedBy><Id>27614627407D431D8E043D72E210C615</Id><AutomaticallyPopulate>true</AutomaticallyPopulate><ResourceType>Worker</ResourceType><EmailAddress /><UserId /><ManagerialLevel>0</ManagerialLevel></LastModifiedBy><LastModified>2019-06-28T14:00:53.16</LastModified></ImportExportPackageSummaryOfResourceIdentity></Resources><Entities /><WorkTypes /><Checklists /><Folders><ImportExportPackageSummaryOfFolderTypeIdentity><Identity><Id>5ADE2015981983F703C13AD6CB24E914</Id><AutomaticallyPopulate>true</AutomaticallyPopulate><Version>2</Version><Name>Applications</Name></Identity><LastModifiedBy><Id>27614627407D431D8E043D72E210C615</Id><AutomaticallyPopulate>true</AutomaticallyPopulate><ResourceType>Worker</ResourceType><EmailAddress /><UserId /><ManagerialLevel>0</ManagerialLevel></LastModifiedBy><LastModified>2019-06-28T15:21:31.14</LastModified></ImportExportPackageSummaryOfFolderTypeIdentity></Folders><ExtractionGroups><ImportExportPackageSummaryOfDocumentGroupIdentity><Identity><Id>8C76DE200A6F309E4A57AB9629AE5644</Id><AutomaticallyPopulate>true</AutomaticallyPopulate><Version>3</Version><Name>Loan Applications</Name></Identity><LastModifiedBy><Id>27614627407D431D8E043D72E210C615</Id><AutomaticallyPopulate>true</AutomaticallyPopulate><ResourceType>Worker</ResourceType><EmailAddress /><UserId /><ManagerialLevel>0</ManagerialLevel></LastModifiedBy><LastModified>2019-07-01T09:16:37.95</LastModified></ImportExportPackageSummaryOfDocumentGroupIdentity></ExtractionGroups><ClassificationGroups><ImportExportPackageSummaryOfClassificationGroupIdentity><Identity><Id>BC2ACAD40352C2AE2EECA483F3E13789</Id><AutomaticallyPopulate>true</AutomaticallyPopulate><Version>5</Version><Name>Loan Applications</Name></Identity><LastModifiedBy><Id>27614627407D431D8E043D72E210C615</Id><AutomaticallyPopulate>true</AutomaticallyPopulate><ResourceType>Worker</ResourceType><EmailAddress /><UserId /><ManagerialLevel>0</ManagerialLevel></LastModifiedBy><LastModified>2019-07-01T09:16:50.683</LastModified></ImportExportPackageSummaryOfClassificationGroupIdentity></ClassificationGroups><Formatters><ImportExportPackageSummaryOfFormatterIdentity><Identity><Id>6CF7C2345ED84D20903E8A707156FAA5</Id><Name>Default Amount Formatter</Name></Identity><LastModifiedBy><Id>27614627407D431D8E043D72E210C615</Id><AutomaticallyPopulate>true</AutomaticallyPopulate><ResourceType>Worker</ResourceType><EmailAddress /><UserId /><ManagerialLevel>0</ManagerialLevel></LastModifiedBy><LastModified>2019-07-01T09:16:16.433</LastModified></ImportExportPackageSummaryOfFormatterIdentity></Formatters><FieldValidators /><ChecklistItems /><Events /><Targets /><Alerts /><AlertExportOption><ExportAssociatedProcess>false</ExportAssociatedProcess></AlertExportOption><Categories><ImportExportPackageSummaryOfCategoryIdentity><Identity><Id>D2EE3568320A4D27841780282C65AE54</Id><AutomaticallyPopulate>true</AutomaticallyPopulate><Name>Applications</Name></Identity><LastModifiedBy><Id>27614627407D431D8E043D72E210C615</Id><AutomaticallyPopulate>true</AutomaticallyPopulate><ResourceType>Worker</ResourceType><EmailAddress /><UserId /><ManagerialLevel>0</ManagerialLevel></LastModifiedBy><LastModified>2019-06-28T13:47:06.24</LastModified></ImportExportPackageSummaryOfCategoryIdentity></Categories><ScanVrsProfiles><ImportExportPackageSummaryOfScanVrsProfileIdentity><Identity><Id>0BDEEA96784E0C05891DA4EBE1AE84E4</Id><Name>Mobile Device</Name></Identity><LastModifiedBy><Id /><AutomaticallyPopulate>true</AutomaticallyPopulate><ResourceType>Worker</ResourceType><EmailAddress /><UserId /><ManagerialLevel>0</ManagerialLevel></LastModifiedBy><LastModified>0001-01-01T00:00:00</LastModified></ImportExportPackageSummaryOfScanVrsProfileIdentity></ScanVrsProfiles><SeparationProfiles><ImportExportPackageSummaryOfSeparationProfileIdentity><Identity><Id>21C889A9B759EC5FDE371EB900E67CD8</Id><Name>Separate Applications</Name></Identity><LastModifiedBy><Id /><AutomaticallyPopulate>true</AutomaticallyPopulate><ResourceType>Worker</ResourceType><EmailAddress /><UserId /><ManagerialLevel>0</ManagerialLevel></LastModifiedBy><LastModified>0001-01-01T00:00:00</LastModified></ImportExportPackageSummaryOfSeparationProfileIdentity></SeparationProfiles><PdfGenerationProfiles /><DocConversionProfiles /><JobSchedules /><CaptureControlLayouts /><RegularExpressions /><Personas /><ServerVariables /><ServerVariablesCollection><ImportExportPackageSummaryOfVariable><Identity><VariableType>String</VariableType><Value xsi:type="xsd:string">Data Source=localhost;Initial Catalog=Customer;Integrated Security=SSPI</Value><Identity><Id>CUSTDB</Id><Version>0</Version><DisplayName>CUSTOMER DATABASE</DisplayName></Identity><Dynamic>false</Dynamic><Category><Id>BDCE0DCA27274D5DBF8AFA92134115B6</Id><AutomaticallyPopulate>true</AutomaticallyPopulate><Name /></Category><Grouping><Identity><Id>4FEE4E069417475DAC5D2C2E5C95CA49</Id></Identity><Variables /></Grouping><UseInSkin>false</UseInSkin><Found>false</Found><IsSecure>false</IsSecure><VariableScope>Process</VariableScope></Identity><LastModifiedBy><Id /><AutomaticallyPopulate>true</AutomaticallyPopulate><ResourceType>Worker</ResourceType><EmailAddress /><UserId /><ManagerialLevel>0</ManagerialLevel></LastModifiedBy><LastModified>0001-01-01T00:00:00</LastModified></ImportExportPackageSummaryOfVariable><ImportExportPackageSummaryOfVariable><Identity><VariableType>String</VariableType><Value xsi:type="xsd:string">localhost</Value><Identity><Id>SPP_SMTP_SERVER</Id><Version>0</Version><DisplayName>SPP_SMTP_SERVER</DisplayName></Identity><Dynamic>true</Dynamic><Category><Id>FBCB88103B4D414FAE8E38058F46CCF4</Id><AutomaticallyPopulate>true</AutomaticallyPopulate><Name /></Category><Grouping><Identity><Id>4FEE4E069417475DAC5D2C2E5C95CA49</Id></Identity><Variables /></Grouping><UseInSkin>false</UseInSkin><Found>false</Found><IsSecure>false</IsSecure><VariableScope>Process</VariableScope></Identity><LastModifiedBy><Id /><AutomaticallyPopulate>true</AutomaticallyPopulate><ResourceType>Worker</ResourceType><EmailAddress /><UserId /><ManagerialLevel>0</ManagerialLevel></LastModifiedBy><LastModified>0001-01-01T00:00:00</LastModified></ImportExportPackageSummaryOfVariable><ImportExportPackageSummaryOfVariable><Identity><VariableType>System</VariableType><Value xsi:type="xsd:string" /><Identity><Id>SPP_SYSTEM_SESSION_ID</Id><Version>0</Version><DisplayName>SPP_SYSTEM_SESSION_ID</DisplayName></Identity><Dynamic>true</Dynamic><Category><Id>FBCB88103B4D414FAE8E38058F46CCF4</Id><AutomaticallyPopulate>true</AutomaticallyPopulate><Name /></Category><Grouping><Identity><Id>4FEE4E069417475DAC5D2C2E5C95CA49</Id></Identity><Variables /></Grouping><UseInSkin>false</UseInSkin><Found>false</Found><IsSecure>false</IsSecure><VariableScope>Process</VariableScope></Identity><LastModifiedBy><Id /><AutomaticallyPopulate>true</AutomaticallyPopulate><ResourceType>Worker</ResourceType><EmailAddress /><UserId /><ManagerialLevel>0</ManagerialLevel></LastModifiedBy><LastModified>0001-01-01T00:00:00</LastModified></ImportExportPackageSummaryOfVariable><ImportExportPackageSummaryOfVariable><Identity><VariableType>String</VariableType><Value xsi:type="xsd:string">C:\LoanCases\</Value><Identity><Id>LOAN_CASES_ROOT_FOLDER</Id><Version>0</Version><DisplayName>LOAN CASES ROOT FOLDER</DisplayName></Identity><Dynamic>false</Dynamic><Category><Id>1F43FC99566F43799DB1EC71C8154F54</Id><AutomaticallyPopulate>true</AutomaticallyPopulate><Name /></Category><Grouping><Identity><Id>4FEE4E069417475DAC5D2C2E5C95CA49</Id></Identity><Variables /></Grouping><UseInSkin>false</UseInSkin><Found>false</Found><IsSecure>false</IsSecure><VariableScope>Process</VariableScope></Identity><LastModifiedBy><Id /><AutomaticallyPopulate>true</AutomaticallyPopulate><ResourceType>Worker</ResourceType><EmailAddress /><UserId /><ManagerialLevel>0</ManagerialLevel></LastModifiedBy><LastModified>0001-01-01T00:00:00</LastModified></ImportExportPackageSummaryOfVariable></ServerVariablesCollection><ThreadPools><ImportExportPackageSummaryOfThreadPoolIdentity><Identity><Id>0</Id><Name>Default Thread Pool</Name></Identity><LastModifiedBy><Id /><AutomaticallyPopulate>true</AutomaticallyPopulate><ResourceType>Worker</ResourceType><EmailAddress /><UserId /><ManagerialLevel>0</ManagerialLevel></LastModifiedBy><LastModified>0001-01-01T00:00:00</LastModified></ImportExportPackageSummaryOfThreadPoolIdentity></ThreadPools><GlobalVariables /><GlobalVariablesCollection><ImportExportPackageSummaryOfSessionVariable><Identity><Identity><Name>SESSION_ID</Name><Id>161F8F818093437482D2886B7B6756BB</Id><AutomaticallyPopulate>true</AutomaticallyPopulate></Identity><Description>The current Session Identifer.</Description><Value /><IsLocalizable>false</IsLocalizable><Category><Id>201F370CA5164F76ADDD8EEEFF666AF7</Id><AutomaticallyPopulate>true</AutomaticallyPopulate><Name>Default Category</Name></Category><LastModifiedDateTime>2019-06-24T19:31:12.173</LastModifiedDateTime><IsSecure>false</IsSecure></Identity><LastModifiedBy><Id /><AutomaticallyPopulate>true</AutomaticallyPopulate><ResourceType>Worker</ResourceType><EmailAddress /><UserId /><ManagerialLevel>0</ManagerialLevel></LastModifiedBy><LastModified>2019-06-24T19:31:12.173</LastModified></ImportExportPackageSummaryOfSessionVariable><ImportExportPackageSummaryOfSessionVariable><Identity><Identity><Name>WORKQUEUE_FORM</Name><Id>1E70BD400456422DBFA431767DC6CB0F</Id><AutomaticallyPopulate>true</AutomaticallyPopulate></Identity><Description>The Workqueue Form.</Description><Value /><IsLocalizable>false</IsLocalizable><Category><Id>201F370CA5164F76ADDD8EEEFF666AF7</Id><AutomaticallyPopulate>true</AutomaticallyPopulate><Name>Default Category</Name></Category><LastModifiedDateTime>2019-06-24T19:31:12.18</LastModifiedDateTime><IsSecure>false</IsSecure></Identity><LastModifiedBy><Id /><AutomaticallyPopulate>true</AutomaticallyPopulate><ResourceType>Worker</ResourceType><EmailAddress /><UserId /><ManagerialLevel>0</ManagerialLevel></LastModifiedBy><LastModified>2019-06-24T19:31:12.18</LastModified></ImportExportPackageSummaryOfSessionVariable><ImportExportPackageSummaryOfSessionVariable><Identity><Identity><Name>EPC</Name><Id>5E0F01E4914A48D08009FFC40C130EFF</Id><AutomaticallyPopulate>true</AutomaticallyPopulate></Identity><Description>The EPC.</Description><Value /><IsLocalizable>false</IsLocalizable><Category><Id>201F370CA5164F76ADDD8EEEFF666AF7</Id><AutomaticallyPopulate>true</AutomaticallyPopulate><Name>Default Category</Name></Category><LastModifiedDateTime>2019-06-24T19:31:12.18</LastModifiedDateTime><IsSecure>false</IsSecure></Identity><LastModifiedBy><Id /><AutomaticallyPopulate>true</AutomaticallyPopulate><ResourceType>Worker</ResourceType><EmailAddress /><UserId /><ManagerialLevel>0</ManagerialLevel></LastModifiedBy><LastModified>2019-06-24T19:31:12.18</LastModified></ImportExportPackageSummaryOfSessionVariable><ImportExportPackageSummaryOfSessionVariable><Identity><Identity><Name>JOB_ID</Name><Id>8A1DD88A21124A98A51B5679DE7FDCB4</Id><AutomaticallyPopulate>true</AutomaticallyPopulate></Identity><Description>The Job ID.</Description><Value /><IsLocalizable>false</IsLocalizable><Category><Id>201F370CA5164F76ADDD8EEEFF666AF7</Id><AutomaticallyPopulate>true</AutomaticallyPopulate><Name>Default Category</Name></Category><LastModifiedDateTime>2019-06-24T19:31:12.18</LastModifiedDateTime><IsSecure>false</IsSecure></Identity><LastModifiedBy><Id /><AutomaticallyPopulate>true</AutomaticallyPopulate><ResourceType>Worker</ResourceType><EmailAddress /><UserId /><ManagerialLevel>0</ManagerialLevel></LastModifiedBy><LastModified>2019-06-24T19:31:12.18</LastModified></ImportExportPackageSummaryOfSessionVariable><ImportExportPackageSummaryOfSessionVariable><Identity><Identity><Name>NODE_ID</Name><Id>AFBE96EA665E4F16A2FDA88044A23D0A</Id><AutomaticallyPopulate>true</AutomaticallyPopulate></Identity><Description>The Node ID.</Description><Value /><IsLocalizable>false</IsLocalizable><Category><Id>201F370CA5164F76ADDD8EEEFF666AF7</Id><AutomaticallyPopulate>true</AutomaticallyPopulate><Name>Default Category</Name></Category><LastModifiedDateTime>2019-06-24T19:31:12.18</LastModifiedDateTime><IsSecure>false</IsSecure></Identity><LastModifiedBy><Id /><AutomaticallyPopulate>true</AutomaticallyPopulate><ResourceType>Worker</ResourceType><EmailAddress /><UserId /><ManagerialLevel>0</ManagerialLevel></LastModifiedBy><LastModified>2019-06-24T19:31:12.18</LastModified></ImportExportPackageSummaryOfSessionVariable><ImportExportPackageSummaryOfSessionVariable><Identity><Identity><Name>RESOURCE_ID</Name><Id>3FE35DDD709A422588F9C8FE908C6393</Id><AutomaticallyPopulate>true</AutomaticallyPopulate></Identity><Description>The current Resource Identifer.</Description><Value /><IsLocalizable>false</IsLocalizable><Category><Id>201F370CA5164F76ADDD8EEEFF666AF7</Id><AutomaticallyPopulate>true</AutomaticallyPopulate><Name>Default Category</Name></Category><LastModifiedDateTime>2019-06-24T19:31:12.177</LastModifiedDateTime><IsSecure>false</IsSecure></Identity><LastModifiedBy><Id /><AutomaticallyPopulate>true</AutomaticallyPopulate><ResourceType>Worker</ResourceType><EmailAddress /><UserId /><ManagerialLevel>0</ManagerialLevel></LastModifiedBy><LastModified>2019-06-24T19:31:12.177</LastModified></ImportExportPackageSummaryOfSessionVariable><ImportExportPackageSummaryOfSessionVariable><Identity><Identity><Name>RESOURCE_NAME</Name><Id>E6C90ACEAF974035B52AFE50012F84D6</Id><AutomaticallyPopulate>true</AutomaticallyPopulate></Identity><Description>The current Resource Name.</Description><Value /><IsLocalizable>false</IsLocalizable><Category><Id>201F370CA5164F76ADDD8EEEFF666AF7</Id><AutomaticallyPopulate>true</AutomaticallyPopulate><Name>Default Category</Name></Category><LastModifiedDateTime>2019-06-24T19:31:12.177</LastModifiedDateTime><IsSecure>false</IsSecure></Identity><LastModifiedBy><Id /><AutomaticallyPopulate>true</AutomaticallyPopulate><ResourceType>Worker</ResourceType><EmailAddress /><UserId /><ManagerialLevel>0</ManagerialLevel></LastModifiedBy><LastModified>2019-06-24T19:31:12.177</LastModified></ImportExportPackageSummaryOfSessionVariable></GlobalVariablesCollection><ServerXmlExpressionVariables /><DotNetReferences /><MiscellaneousFiles /><Queries /><FormTemplates /><Localisations /><Packages /><ExportConnectorDeploymentProperties><ImportExportPackageSummaryOfConnectorDeploymentProperty><Identity><ProcessId>FA33AE55EE15B6586668296DBC979F9E</ProcessId><ProcessName>Capture Applications</ProcessName><DocumentTypeId>A40E4CF6DBF42F85FAEBB95BA57058FE</DocumentTypeId><DocumentTypeName>Standard</DocumentTypeName><ConnectorId>F7F828633C28460EAF072F7D7DD0CCF4</ConnectorId><ConnectorName>ExportApplications</ConnectorName><ConnectorType>Text Export Connector</ConnectorType><Property>Default Storage Folder</Property><Value>C:\Export</Value><Override>false</Override><PasswordChanged>false</PasswordChanged><Encrypted>false</Encrypted><Encrypted2>false</Encrypted2></Identity><LastModifiedBy><Id /><AutomaticallyPopulate>true</AutomaticallyPopulate><ResourceType>Worker</ResourceType><EmailAddress /><UserId /><ManagerialLevel>0</ManagerialLevel></LastModifiedBy><LastModified>0001-01-01T00:00:00</LastModified></ImportExportPackageSummaryOfConnectorDeploymentProperty><ImportExportPackageSummaryOfConnectorDeploymentProperty><Identity><ProcessId>FA33AE55EE15B6586668296DBC979F9E</ProcessId><ProcessName>Capture Applications</ProcessName><DocumentTypeId>A40E4CF6DBF42F85FAEBB95BA57058FE</DocumentTypeId><DocumentTypeName>Standard</DocumentTypeName><ConnectorId>F7F828633C28460EAF072F7D7DD0CCF4</ConnectorId><ConnectorName>ExportApplications</ConnectorName><ConnectorType>Text Export Connector</ConnectorType><Property>Default File Name</Property><Value>{@LastName}</Value><Override>false</Override><PasswordChanged>false</PasswordChanged><Encrypted>false</Encrypted><Encrypted2>false</Encrypted2></Identity><LastModifiedBy><Id /><AutomaticallyPopulate>true</AutomaticallyPopulate><ResourceType>Worker</ResourceType><EmailAddress /><UserId /><ManagerialLevel>0</ManagerialLevel></LastModifiedBy><LastModified>0001-01-01T00:00:00</LastModified></ImportExportPackageSummaryOfConnectorDeploymentProperty><ImportExportPackageSummaryOfConnectorDeploymentProperty><Identity><ProcessId>FA33AE55EE15B6586668296DBC979F9E</ProcessId><ProcessName>Capture Applications</ProcessName><DocumentTypeId>A40E4CF6DBF42F85FAEBB95BA57058FE</DocumentTypeId><DocumentTypeName>Standard</DocumentTypeName><ConnectorId>F7F828633C28460EAF072F7D7DD0CCF4</ConnectorId><ConnectorName>ExportApplications</ConnectorName><ConnectorType>Text Export Connector</ConnectorType><Property>Index Custom Storage Folder</Property><Value>C:\Export</Value><Override>false</Override><PasswordChanged>false</PasswordChanged><Encrypted>false</Encrypted><Encrypted2>false</Encrypted2></Identity><LastModifiedBy><Id /><AutomaticallyPopulate>true</AutomaticallyPopulate><ResourceType>Worker</ResourceType><EmailAddress /><UserId /><ManagerialLevel>0</ManagerialLevel></LastModifiedBy><LastModified>0001-01-01T00:00:00</LastModified></ImportExportPackageSummaryOfConnectorDeploymentProperty></ExportConnectorDeploymentProperties><ShowProcessAssociations>true</ShowProcessAssociations><ShowFormAssociations>true</ShowFormAssociations><SystemExportOptions><IncludeNoteTypes>false</IncludeNoteTypes><IncludeHotKeys>false</IncludeHotKeys><IncludePageRenditions>false</IncludePageRenditions><IncludeNodeColors>false</IncludeNodeColors><IncludeReportingTags>false</IncludeReportingTags></SystemExportOptions><ShowCategoryAssociations>false</ShowCategoryAssociations><Version><Major>7</Major><Minor>3</Minor><Build>1</Build><Revision>0</Revision></Version><DocumentTypeVariants /><ProtectAllItems>false</ProtectAllItems><IncludeRoleMembers>false</IncludeRoleMembers><IncludeDevices>false</IncludeDevices><IncludeDeviceProfiles>false</IncludeDeviceProfiles><IncludeDeviceSettings>false</IncludeDeviceSettings><ExportConnectorMappings>false</ExportConnectorMappings><WebServices /></SpaPackageImportExportData>