<processmaps xmlns:dt="urn:schemas-microsoft-com:datatypes" dbversion="7.600000" parentprocessmapversion="16.000000" parentprocessmapid="51B762E170504C3D8E4FC1A4650106FE"><exportConnectorProcessMappingList><exportConnectorProcessMapping><processIdentity><id>51B762E170504C3D8E4FC1A4650106FE</id><version>16</version><name>Loan Application</name></processIdentity><exportConnectorDocTypeMappingList /></exportConnectorProcessMapping></exportConnectorProcessMappingList><webservices></webservices><projectlist /><processmap><procdata><mapid>51B762E170504C3D8E4FC1A4650106FE</mapid><mapname>Loan Application</mapname><mapauthor>Unknown</mapauthor><mapauthorid>344FDD7CBA7349929F2EEACF453947C6</mapauthorid><maptrackstorejvh>0</maptrackstorejvh><helptext></helptext><lastmodified>27614627407D431D8E043D72E210C615</lastmodified><allocationalgorithm>0</allocationalgorithm><arrowstyle>0</arrowstyle><arrowweighting>0</arrowweighting><designtimesettings>&lt;designtimesettings&gt;&lt;annotations&gt;&lt;annotation&gt;&lt;xposition&gt;344&lt;/xposition&gt;&lt;yposition&gt;305&lt;/yposition&gt;&lt;height&gt;110&lt;/height&gt;&lt;width&gt;150&lt;/width&gt;&lt;text&gt;The system should generate this document&lt;/text&gt;&lt;id&gt;D306B50C4CCF419BBEA9A7464DA23949&lt;/id&gt;&lt;lane&gt;&lt;name /&gt;&lt;index&gt;0&lt;/index&gt;&lt;poolid /&gt;&lt;/lane&gt;&lt;/annotation&gt;&lt;/annotations&gt;&lt;attachments /&gt;&lt;collaborationnodes /&gt;&lt;groupartifacts /&gt;&lt;pools&gt;&lt;pool&gt;&lt;xposition&gt;25&lt;/xposition&gt;&lt;yposition&gt;25&lt;/yposition&gt;&lt;width&gt;1650&lt;/width&gt;&lt;height&gt;597.55&lt;/height&gt;&lt;name&gt;New Process&lt;/name&gt;&lt;id&gt;7A8E526BDF714092BCE13ED717F7FFCB&lt;/id&gt;&lt;type&gt;0&lt;/type&gt;&lt;lanes&gt;&lt;lane&gt;&lt;name&gt;Lane1&lt;/name&gt;&lt;index&gt;0&lt;/index&gt;&lt;poolid&gt;7A8E526BDF714092BCE13ED717F7FFCB&lt;/poolid&gt;&lt;height&gt;597.55&lt;/height&gt;&lt;/lane&gt;&lt;/lanes&gt;&lt;/pool&gt;&lt;/pools&gt;&lt;messageflows /&gt;&lt;layoutdirection&gt;Horizontal&lt;/layoutdirection&gt;&lt;layouttype&gt;ProcessTree&lt;/layouttype&gt;&lt;zoomfactor&gt;100&lt;/zoomfactor&gt;&lt;viewactivitycost&gt;False&lt;/viewactivitycost&gt;&lt;viewactivityduration&gt;False&lt;/viewactivityduration&gt;&lt;viewactivityresources&gt;False&lt;/viewactivityresources&gt;&lt;viewgroups&gt;False&lt;/viewgroups&gt;&lt;viewpools&gt;False&lt;/viewpools&gt;&lt;compatiblewithallcasedefversions&gt;0&lt;/compatiblewithallcasedefversions&gt;&lt;startnodes&gt;&lt;startnode&gt;&lt;designtimesettings&gt;&lt;xposition&gt;50&lt;/xposition&gt;&lt;yposition&gt;144.5&lt;/yposition&gt;&lt;width&gt;30&lt;/width&gt;&lt;height&gt;30&lt;/height&gt;&lt;inheritcolorfromsystem&gt;False&lt;/inheritcolorfromsystem&gt;&lt;colour&gt;#FF62A716&lt;/colour&gt;&lt;eventtype&gt;Default&lt;/eventtype&gt;&lt;name&gt;Start&lt;/name&gt;&lt;textposition&gt;CentreRight&lt;/textposition&gt;&lt;lane&gt;&lt;name&gt;Lane1&lt;/name&gt;&lt;index&gt;0&lt;/index&gt;&lt;poolid&gt;7A8E526BDF714092BCE13ED717F7FFCB&lt;/poolid&gt;&lt;height&gt;597.55&lt;/height&gt;&lt;/lane&gt;&lt;annotations /&gt;&lt;attachments /&gt;&lt;/designtimesettings&gt;&lt;/startnode&gt;&lt;/startnodes&gt;&lt;redraw&gt;False&lt;/redraw&gt;&lt;/designtimesettings&gt;</designtimesettings><attachments></attachments><annotations><annotation><text>The system should generate this document</text></annotation></annotations><formsections></formsections><form></form><categoryid>D2EE3568320A4D27841780282C65AE54</categoryid><targetdays>5</targetdays><targethours>0</targethours><targetmins>0</targetmins><targetsecs>0</targetsecs><priority>1</priority><transactional>0</transactional><backgroundcolour>0</backgroundcolour><version>16.000000</version><cost>0.000000</cost><creationdate>2018-09-14T14:56:17</creationdate><changedate>2019-07-01T12:11:25</changedate><description></description><status>2</status><newmap>0</newmap><archivefinishedjobs>1</archivefinishedjobs><straightthrough>0</straightthrough><poolid>0</poolid><dynexpfinishtimevar></dynexpfinishtimevar><mapmilestonesrvstdtag /><mapmilestonescopetag>0</mapmilestonescopetag><mapmilestonetag /><dynamicbudget></dynamicbudget><budget>0.000000</budget><processtype>1</processtype><processtypestring>CaseDefinition</processtypestring><associatedcaseid></associatedcaseid><associatedcase></associatedcase><prefixvariable>0</prefixvariable><completioneventmapid></completioneventmapid><completioneventmapname></completioneventmapname><assocjobsoncompletion>0</assocjobsoncompletion><sendemail>0</sendemail><emailto>0</emailto><subjecttext></subjecttext><subjectvar></subjectvar><contenttext></contenttext><contentvar></contentvar><urltext></urltext><urlvar></urlvar><appendassocfile>0</appendassocfile><initialisationvariables><initialisationvariable><varname>CUSTOMER_ID</varname></initialisationvariable><initialisationvariable><varname>FIRST_NAME</varname></initialisationvariable><initialisationvariable><varname>LAST_NAME</varname></initialisationvariable><initialisationvariable><varname>LOAN_AMOUNT</varname></initialisationvariable><initialisationvariable><varname>LOAN_APPLICATION_DOCUMENT_ID</varname></initialisationvariable></initialisationvariables><outputvariables /><maintenanceaccess><resource><resourcetype>3</resourcetype><resourcename>Everyone</resourcename><resourceid>7DF43CCDF24611D2804B00104B71BD15</resourceid><serverid>277CA453D3BB3044985C99CE1F73C030</serverid><unavailability>Default</unavailability><accesstype>0</accesstype><seqassignorder>0</seqassignorder><excluded>0</excluded></resource></maintenanceaccess><creationaccess><resource><resourcetype>3</resourcetype><resourcename>Everyone</resourcename><resourceid>7DF43CCDF24611D2804B00104B71BD15</resourceid><serverid>277CA453D3BB3044985C99CE1F73C030</serverid><unavailability>Default</unavailability><accesstype>0</accesstype><seqassignorder>0</seqassignorder><excluded>0</excluded></resource></creationaccess><suspendaccess><resource><resourcetype>3</resourcetype><resourcename>Everyone</resourcename><resourceid>7DF43CCDF24611D2804B00104B71BD15</resourceid><serverid>277CA453D3BB3044985C99CE1F73C030</serverid><unavailability>Default</unavailability><accesstype>0</accesstype><seqassignorder>0</seqassignorder><excluded>0</excluded></resource></suspendaccess><terminateaccess><resource><resourcetype>3</resourcetype><resourcename>Everyone</resourcename><resourceid>7DF43CCDF24611D2804B00104B71BD15</resourceid><serverid>277CA453D3BB3044985C99CE1F73C030</serverid><unavailability>Default</unavailability><accesstype>0</accesstype><seqassignorder>0</seqassignorder><excluded>0</excluded></resource></terminateaccess><restartaccess><resource><resourcetype>3</resourcetype><resourcename>Everyone</resourcename><resourceid>7DF43CCDF24611D2804B00104B71BD15</resourceid><serverid>277CA453D3BB3044985C99CE1F73C030</serverid><unavailability>Default</unavailability><accesstype>0</accesstype><seqassignorder>0</seqassignorder><excluded>0</excluded></resource></restartaccess><holdaccess><resource><resourcetype>3</resourcetype><resourcename>Everyone</resourcename><resourceid>7DF43CCDF24611D2804B00104B71BD15</resourceid><serverid>277CA453D3BB3044985C99CE1F73C030</serverid><unavailability>Default</unavailability><accesstype>0</accesstype><seqassignorder>0</seqassignorder><excluded>0</excluded></resource></holdaccess><customiseaccess /><jobdetailviewaccess><resource><resourcetype>3</resourcetype><resourcename>Everyone</resourcename><resourceid>7DF43CCDF24611D2804B00104B71BD15</resourceid><serverid>277CA453D3BB3044985C99CE1F73C030</serverid><unavailability>Default</unavailability><accesstype>0</accesstype><seqassignorder>0</seqassignorder><excluded>0</excluded></resource></jobdetailviewaccess><scanvrsprofileaccess><resource><resourcetype>3</resourcetype><resourcename>Everyone</resourcename><resourceid>7DF43CCDF24611D2804B00104B71BD15</resourceid><serverid>277CA453D3BB3044985C99CE1F73C030</serverid><unavailability>Default</unavailability><accesstype>0</accesstype><seqassignorder>0</seqassignorder><excluded>0</excluded></resource></scanvrsprofileaccess><separationprofileaccess><resource><resourcetype>3</resourcetype><resourcename>Everyone</resourcename><resourceid>7DF43CCDF24611D2804B00104B71BD15</resourceid><serverid>277CA453D3BB3044985C99CE1F73C030</serverid><unavailability>Default</unavailability><accesstype>0</accesstype><seqassignorder>0</seqassignorder><excluded>0</excluded></resource></separationprofileaccess><updatedocumentcontaineraccess><resource><resourcetype>3</resourcetype><resourcename>Everyone</resourcename><resourceid>7DF43CCDF24611D2804B00104B71BD15</resourceid><serverid>277CA453D3BB3044985C99CE1F73C030</serverid><unavailability>Default</unavailability><accesstype>0</accesstype><seqassignorder>0</seqassignorder><excluded>0</excluded></resource></updatedocumentcontaineraccess><defaultusableresources><resource><resourcetype>3</resourcetype><resourcename>Everyone</resourcename><resourceid>7DF43CCDF24611D2804B00104B71BD15</resourceid><serverid>277CA453D3BB3044985C99CE1F73C030</serverid><unavailability>Default</unavailability><accesstype>0</accesstype><seqassignorder>0</seqassignorder><excluded>0</excluded></resource></defaultusableresources><exceptions><exception><exceptioncode>EXP0004</exceptioncode><processmapid /><processmapname /><description>Invoked when the cost of job exceeds the expected value.</description><version>0.000000</version><serveronly>0</serveronly></exception><exception><exceptioncode>EXP0005</exceptioncode><processmapid /><processmapname /><description>Invoked when a job exceeds its expected duration.</description><version>0.000000</version><serveronly>0</serveronly></exception><exception><exceptioncode>EXP0006</exceptioncode><processmapid /><processmapname /><description>Invoked when an activity exceeds its expected duration.</description><version>0.000000</version><serveronly>0</serveronly></exception><exception><exceptioncode>EXP0009</exceptioncode><processmapid /><processmapname /><description>Invoked when a Script Object fails to execute automatically.</description><version>0.000000</version><serveronly>0</serveronly></exception><exception><exceptioncode>EXP0010</exceptioncode><processmapid /><processmapname /><description>Invoked when a process is stalled.</description><version>0.000000</version><serveronly>0</serveronly></exception><exception><exceptioncode>EXP0013</exceptioncode><processmapid /><processmapname /><description>Invoked when an activity crosses the due date.</description><version>0.000000</version><serveronly>0</serveronly></exception><exception><exceptioncode>EXP0017</exceptioncode><processmapid /><processmapname /><description>Invoked when synchronous processing fails.</description><version>0.000000</version><serveronly>0</serveronly></exception><exception><exceptioncode>EXP0018</exceptioncode><processmapid /><processmapname /><description>Invoked when no usable resource is assigned to an activity.</description><version>0.000000</version><serveronly>0</serveronly></exception><exception><exceptioncode>EXP0019</exceptioncode><processmapid /><processmapname /><description>Invoked when a .NET object fails to execute.</description><version>0.000000</version><serveronly>0</serveronly></exception><exception><exceptioncode>EXP0020</exceptioncode><processmapid /><processmapname /><description>Invoked when a Web Service object fails to execute.</description><version>0.000000</version><serveronly>0</serveronly></exception><exception><exceptioncode>EXP0022</exceptioncode><processmapid /><processmapname /><description>Invoked when a C# Script activity fails to execute when running automatically.</description><version>0.000000</version><serveronly>0</serveronly></exception><exception><exceptioncode>EXP0023</exceptioncode><processmapid /><processmapname /><description>Invoked when a VB .NET Script activity fails to execute.</description><version>0.000000</version><serveronly>0</serveronly></exception><exception><exceptioncode>EXP0025</exceptioncode><processmapid /><processmapname /><description>Invoked when a Data Access activity fails to execute.</description><version>0.000000</version><serveronly>0</serveronly></exception><exception><exceptioncode>EXP0027</exceptioncode><processmapid /><processmapname /><description>Invoked when a Synchronization activity fails to execute.</description><version>0.000000</version><serveronly>0</serveronly></exception><exception><exceptioncode>EXP0036</exceptioncode><processmapid /><processmapname /><description>Invoked when the transfer of documents to another server fails to execute.</description><version>0.000000</version><serveronly>0</serveronly></exception></exceptions><states /><milestones /><bpescalations /><mapvirtualfolders><virtualfolderstructure></virtualfolderstructure><indexdatacollection /><mapvirtualfolderstructure></mapvirtualfolderstructure></mapvirtualfolders><serverid>277CA453D3BB3044985C99CE1F73C030</serverid><xmlexpressionlist /><ragstatus><amberthreshold>86400</amberthreshold><redthreshold>0</redthreshold><blackthreshold>0</blackthreshold><purplethreshold>0</purplethreshold></ragstatus><casedefcomruntime_data /><archivetopi>0</archivetopi><runtime_settings>0</runtime_settings><process_owner_id></process_owner_id><score_rule /><map_valid_from /><map_valid_to /><captureenabled>0</captureenabled><iscaptureprocess>0</iscaptureprocess><reportingtag></reportingtag><settingsxml>&lt;?xml version="1.0" encoding="utf-16"?&gt;
&lt;BusinessProcessSettings xmlns:xsd="http://www.w3.org/2001/XMLSchema" xmlns:xsi="http://www.w3.org/2001/XMLSchema-instance"&gt;
  &lt;CaptureProcessSettings&gt;
    &lt;ClassificationGroup&gt;
      &lt;Id /&gt;
      &lt;AutomaticallyPopulate&gt;true&lt;/AutomaticallyPopulate&gt;
      &lt;Version&gt;0&lt;/Version&gt;
      &lt;Name /&gt;
    &lt;/ClassificationGroup&gt;
    &lt;ScanVrsProfiles&gt;
      &lt;ScanVrsProfileIdentity&gt;
        &lt;Id&gt;C525FA863EB74348961543C740ED00A0&lt;/Id&gt;
        &lt;Name&gt;Default&lt;/Name&gt;
      &lt;/ScanVrsProfileIdentity&gt;
    &lt;/ScanVrsProfiles&gt;
    &lt;SeparationProfile /&gt;
    &lt;DefaultScanVrsProfile&gt;
      &lt;Id&gt;C525FA863EB74348961543C740ED00A0&lt;/Id&gt;
      &lt;Name&gt;Default&lt;/Name&gt;
    &lt;/DefaultScanVrsProfile&gt;
    &lt;DocConversionProfiles /&gt;
    &lt;DefaultDocConversionProfile /&gt;
    &lt;SaveScannedImageAsPageRendition&gt;false&lt;/SaveScannedImageAsPageRendition&gt;
    &lt;PageRendition&gt;0&lt;/PageRendition&gt;
    &lt;PdfTextExtractionMode&gt;0&lt;/PdfTextExtractionMode&gt;
    &lt;AllowRotateReorderImportedImages&gt;true&lt;/AllowRotateReorderImportedImages&gt;
    &lt;AllowSplitMergeDeleteImportedDocument&gt;true&lt;/AllowSplitMergeDeleteImportedDocument&gt;
    &lt;PdfTextWordSeparationChars&gt;/:()-#&lt;/PdfTextWordSeparationChars&gt;
  &lt;/CaptureProcessSettings&gt;
  &lt;RetentionPolicySettings&gt;
    &lt;KeepForever&gt;true&lt;/KeepForever&gt;
    &lt;RetentionPolicyDuration&gt;
      &lt;Years&gt;1&lt;/Years&gt;
      &lt;Months&gt;0&lt;/Months&gt;
      &lt;Days&gt;0&lt;/Days&gt;
      &lt;Hours&gt;0&lt;/Hours&gt;
      &lt;Minutes&gt;0&lt;/Minutes&gt;
    &lt;/RetentionPolicyDuration&gt;
  &lt;/RetentionPolicySettings&gt;
  &lt;MaximumLoopCount&gt;0&lt;/MaximumLoopCount&gt;
&lt;/BusinessProcessSettings&gt;</settingsxml><associateddotnetreferences /><processnotes /><cnjformidentity><id>2BF38F165CC6476EABBC4711E24AEB2D</id><name>LA_CreateNewLoanApplication</name></cnjformidentity><hasdocumentcontainer>0</hasdocumentcontainer></procdata><entitylist></entitylist><variableslist><variable><varname>APPROVAL_BODY</varname><vartype>8</vartype><varvalue xml:space="preserve">Use the following link to approve or reject the loan.</varvalue><dynamic>0</dynamic><used_in_skin>0</used_in_skin><entityid>4FEE4E069417475DAC5D2C2E5C95CA49</entityid><entityname>Default Data Grouping</entityname><vardisplayname>Approval Body</vardisplayname><variablemembers /></variable><variable><varname>APPROVAL_EMAIL_SUBJECT</varname><vartype>8</vartype><varvalue xml:space="preserve">A Loan Requires Approval</varvalue><dynamic>0</dynamic><used_in_skin>0</used_in_skin><entityid>4FEE4E069417475DAC5D2C2E5C95CA49</entityid><entityname>Default Data Grouping</entityname><vardisplayname>Approval Email Subject</vardisplayname><variablemembers /></variable><variable><varname>APPROVAL_URL</varname><vartype>8</vartype><varvalue xml:space="preserve">http://localhost/TotalAgility/forms/xyzbank</varvalue><dynamic>0</dynamic><used_in_skin>0</used_in_skin><entityid>4FEE4E069417475DAC5D2C2E5C95CA49</entityid><entityname>Default Data Grouping</entityname><vardisplayname>Approval URL</vardisplayname><variablemembers /></variable><variable><varname>APPROVED</varname><vartype>11</vartype><varvalue>0</varvalue><dynamic>0</dynamic><used_in_skin>0</used_in_skin><entityid>4FEE4E069417475DAC5D2C2E5C95CA49</entityid><entityname>Default Data Grouping</entityname><vardisplayname>Approved</vardisplayname><variablemembers /></variable><variable><varname>CREDIT_SCORE</varname><vartype>2</vartype><varvalue>0</varvalue><dynamic>0</dynamic><used_in_skin>0</used_in_skin><entityid>4FEE4E069417475DAC5D2C2E5C95CA49</entityid><entityname>Default Data Grouping</entityname><vardisplayname>Credit Score</vardisplayname><variablemembers /></variable><variable><varname>CUSTOMER_ID</varname><vartype>3</vartype><varvalue>1</varvalue><dynamic>0</dynamic><used_in_skin>0</used_in_skin><entityid>4FEE4E069417475DAC5D2C2E5C95CA49</entityid><entityname>Default Data Grouping</entityname><vardisplayname>Customer Id</vardisplayname><variablemembers /></variable><variable><varname>EMAIL_BODY</varname><vartype>8</vartype><varvalue xml:space="preserve">Your loan application has been authorized and your funds will reach your nominated personal account in 5 working days.

We would like to take this opportunity to thank you for choosing XYZ Bank, and hope you will take a look at some of our other great products.


Yours

Sharon Smyth

Loan Approval Officer











</varvalue><dynamic>0</dynamic><used_in_skin>0</used_in_skin><entityid>4FEE4E069417475DAC5D2C2E5C95CA49</entityid><entityname>Default Data Grouping</entityname><vardisplayname>Email Body</vardisplayname><variablemembers /></variable><variable><varname>EMAIL_FROM</varname><vartype>8</vartype><varvalue xml:space="preserve">admin@kofax.com</varvalue><dynamic>0</dynamic><used_in_skin>0</used_in_skin><entityid>4FEE4E069417475DAC5D2C2E5C95CA49</entityid><entityname>Default Data Grouping</entityname><vardisplayname>Email From</vardisplayname><variablemembers /></variable><variable><varname>EMAIL_SUBJECT</varname><vartype>8</vartype><varvalue xml:space="preserve">XYZ Bank Personal Loan Confirmation</varvalue><dynamic>0</dynamic><used_in_skin>0</used_in_skin><entityid>4FEE4E069417475DAC5D2C2E5C95CA49</entityid><entityname>Default Data Grouping</entityname><vardisplayname>Email Subject</vardisplayname><variablemembers /></variable><variable><varname>EMAIL_TO</varname><vartype>8</vartype><varvalue xml:space="preserve">ssmyth@kofax.com</varvalue><dynamic>0</dynamic><used_in_skin>0</used_in_skin><entityid>4FEE4E069417475DAC5D2C2E5C95CA49</entityid><entityname>Default Data Grouping</entityname><vardisplayname>Email To</vardisplayname><variablemembers /></variable><variable><varname>FIRST_NAME</varname><vartype>8</vartype><varvalue xml:space="preserve">Robert</varvalue><dynamic>0</dynamic><used_in_skin>0</used_in_skin><entityid>4FEE4E069417475DAC5D2C2E5C95CA49</entityid><entityname>Default Data Grouping</entityname><vardisplayname>First Name</vardisplayname><variablemembers /></variable><variable><varname>LAST_NAME</varname><vartype>8</vartype><varvalue xml:space="preserve">De Niro</varvalue><dynamic>0</dynamic><used_in_skin>0</used_in_skin><entityid>4FEE4E069417475DAC5D2C2E5C95CA49</entityid><entityname>Default Data Grouping</entityname><vardisplayname>Last Name</vardisplayname><variablemembers /></variable><variable><varname>LOAN_AMOUNT</varname><vartype>6</vartype><varvalue>5000</varvalue><dynamic>0</dynamic><used_in_skin>0</used_in_skin><entityid>4FEE4E069417475DAC5D2C2E5C95CA49</entityid><entityname>Default Data Grouping</entityname><vardisplayname>Loan Amount</vardisplayname><variablemembers /></variable><variable><varname>LOAN_APPLICATION_DOCUMENT_ID</varname><vartype>8</vartype><varvalue xml:space="preserve"></varvalue><dynamic>0</dynamic><used_in_skin>0</used_in_skin><entityid>4FEE4E069417475DAC5D2C2E5C95CA49</entityid><entityname>Default Data Grouping</entityname><vardisplayname>Loan Application Document Id</vardisplayname><variablemembers /></variable><variable><varname>SPP_CASE_REFERENCE</varname><vartype>1</vartype><varvalue></varvalue><dynamic>0</dynamic><used_in_skin>0</used_in_skin><entityid>4FEE4E069417475DAC5D2C2E5C95CA49</entityid><entityname>Default Data Grouping</entityname><vardisplayname>CASE_REFERENCE</vardisplayname><variablemembers /></variable><variable><varname>SPP_ID</varname><vartype>1</vartype><varvalue></varvalue><dynamic>0</dynamic><used_in_skin>0</used_in_skin><entityid>4FEE4E069417475DAC5D2C2E5C95CA49</entityid><entityname>Default Data Grouping</entityname><vardisplayname>ID</vardisplayname><variablemembers /></variable></variableslist><roleslist /><processeventlist /><nodelist><node><nodetype>1</nodetype><nodedata><processid>51B762E170504C3D8E4FC1A4650106FE</processid><version>16.000000</version><nodeid>1</nodeid><isstartnode>1</isstartnode><nodetype>1</nodetype><designtimetype>17</designtimetype><activationprobability>100</activationprobability><embeddedname></embeddedname><state /><statescope>0</statescope><activitymilestone></activitymilestone><activitymilestonescope>0</activitymilestonescope><activitypendmilestone></activitypendmilestone><activitypendmilestonescope>0</activitypendmilestonescope><activitydonemilestone></activitydonemilestone><activitydonemilestonescope>0</activitydonemilestonescope><nodependevent /><nodependeventscope>0</nodependeventscope><nodedoneevent /><nodedoneeventscope>0</nodedoneeventscope><titleposno>5</titleposno><embeddedproccount>0</embeddedproccount><iscustomnode>0</iscustomnode><designtimesettings>&lt;designtimesettings&gt;&lt;xposition&gt;136&lt;/xposition&gt;&lt;yposition&gt;129.5&lt;/yposition&gt;&lt;width&gt;90&lt;/width&gt;&lt;height&gt;60&lt;/height&gt;&lt;inheritcolorfromsystem&gt;True&lt;/inheritcolorfromsystem&gt;&lt;colour&gt;#FFE3EDF3&lt;/colour&gt;&lt;textposition&gt;Centre&lt;/textposition&gt;&lt;lane&gt;&lt;name&gt;Lane1&lt;/name&gt;&lt;index&gt;0&lt;/index&gt;&lt;poolid&gt;7A8E526BDF714092BCE13ED717F7FFCB&lt;/poolid&gt;&lt;height&gt;597.55&lt;/height&gt;&lt;/lane&gt;&lt;annotations /&gt;&lt;attachments /&gt;&lt;resourcenotes /&gt;&lt;/designtimesettings&gt;</designtimesettings><attachments></attachments><annotations></annotations><dependants /><destinationnodes><destinationnode><nodeid>2</nodeid><nodetype>1</nodetype></destinationnode></destinationnodes><originnodes /><branchingrules /><runtimesettings>0</runtimesettings></nodedata><activitydata><inputvariables><inputvariable><varid>CUSTOMER_ID</varid></inputvariable></inputvariables><outputvariables><outputvariable><varid>CUSTDB</varid></outputvariable><outputvariable><varid>CREDIT_SCORE</varid></outputvariable></outputvariables><requiredresources /><usableresources /><dynamicresourcesdata><overwriteusableresources>0</overwriteusableresources><dynamicresourcesvariables /></dynamicresourcesdata><targettime>0</targettime><delaytime>0</delaytime><expectedcost>0.000000</expectedcost><securitylevel>10</securitylevel><skilllevel>10</skilllevel><useprevioususer>0</useprevioususer><tasktype>13</tasktype><priority>1</priority><automatic>1</automatic><trackstorejvh>0</trackstorejvh><usesameasprevious>0</usesameasprevious><taskid>0</taskid><usesameasprevioustype>0</usesameasprevioustype><fixedcost>0.000000</fixedcost><taskname>Credit Check</taskname><resourceid /><createdby>344FDD7CBA7349929F2EEACF453947C6</createdby><purpose></purpose><description></description><script></script><processid /><creationdate>2019-07-01T13:49:31.59729</creationdate><transactionalinfo /><createnewjobinfo><cnjprocessid></cnjprocessid><initparams></initparams><outputs></outputs><varid></varid><jobtype>0</jobtype><reftype>0</reftype></createnewjobinfo><scriptprogid></scriptprogid><preloadscript>1</preloadscript><assocfile></assocfile><designinfo /><sleepinfo>0</sleepinfo><jobowneridinfo></jobowneridinfo><jobownervaridinfo></jobownervaridinfo><negativelagtime>0</negativelagtime><dynduedate>0</dynduedate><dynduedatevar /><dyntargetdurationvar /><sendemail>0</sendemail><emailto>0</emailto><subjecttext></subjecttext><subjectvar></subjectvar><contenttext></contenttext><contentvar></contentvar><urltext></urltext><urlvar></urlvar><appendassocfile>0</appendassocfile><dotnet /><webservice /><activityinfo><useadvworkflowrules>0</useadvworkflowrules><seqactivityassignment>0</seqactivityassignment><concuractivityaccess>0</concuractivityaccess><noofusableresourcesreq>0</noofusableresourcesreq><exitcondition></exitcondition><expandgroups>0</expandgroups><noofusableresourcesreqvarid /></activityinfo><categoryid>D2EE3568320A4D27841780282C65AE54</categoryid><poolid>0</poolid><activityruntimesettings>0</activityruntimesettings><activityragamberthreshold>0</activityragamberthreshold><activityragredthreshold>0</activityragredthreshold><activityragblackthreshold>0</activityragblackthreshold><activityragpurplethreshold>0</activityragpurplethreshold><form /><xmldata /><dataaccess><dasquery>&lt;datamanipulationstmt&gt;&lt;connectionstringvariable&gt;CUSTDB&lt;/connectionstringvariable&gt;&lt;connectionstring&gt;Data Source=localhost;Initial Catalog=Customer;Integrated Security=SSPI&lt;/connectionstring&gt;&lt;sql&gt;SELECT TOP 1 [CreditScore] FROM [CreditScores] WHERE (( [CustomerId] = [@CUSTOMER_ID]))&lt;/sql&gt;&lt;PreviewSql&gt;SELECT TOP 1 [CreditScore] FROM [CreditScores] WHERE (( [CustomerId] = [@Customer Id]))&lt;/PreviewSql&gt;&lt;sqlobjecttype&gt;0&lt;/sqlobjecttype&gt;&lt;sqloperationtype&gt;0&lt;/sqloperationtype&gt;&lt;queryreturnsmultiplerows&gt;0&lt;/queryreturnsmultiplerows&gt;&lt;usesaggrfunctions&gt;0&lt;/usesaggrfunctions&gt;&lt;querydoesmultipleupdate&gt;0&lt;/querydoesmultipleupdate&gt;&lt;querydoesmultipleinsert&gt;0&lt;/querydoesmultipleinsert&gt;&lt;countrows&gt;0&lt;/countrows&gt;&lt;fields&gt;&lt;field&gt;&lt;name&gt;CreditScore&lt;/name&gt;&lt;type&gt;8&lt;/type&gt;&lt;/field&gt;&lt;/fields&gt;&lt;parameters&gt;&lt;parameter&gt;&lt;name&gt;CUSTOMER_ID&lt;/name&gt;&lt;type&gt;9&lt;/type&gt;&lt;/parameter&gt;&lt;/parameters&gt;&lt;storedprocedure&gt;&lt;procedurename /&gt;&lt;procedureparameters /&gt;&lt;/storedprocedure&gt;&lt;/datamanipulationstmt&gt;</dasquery><dasquerystring>SELECT TOP 1 [CreditScore] FROM [CreditScores] WHERE (( [CustomerId] = [@CUSTOMER_ID]))</dasquerystring><dasaction>0</dasaction></dataaccess><getresourceinfo /><jobvariableinfo /><baminfo /><bpescalations /><preconditionslist /><startmethod></startmethod><classnamespace></classnamespace><resetlimit>-1</resetlimit><activitytimedoutaction>0</activitytimedoutaction><suspendreasontext></suspendreasontext><suspendreasonvarid></suspendreasonvarid></activitydata></node><node><nodetype>1</nodetype><nodedata><processid>51B762E170504C3D8E4FC1A4650106FE</processid><version>16.000000</version><nodeid>2</nodeid><isstartnode>0</isstartnode><nodetype>1</nodetype><designtimetype>1</designtimetype><activationprobability>100</activationprobability><embeddedname></embeddedname><state /><statescope>0</statescope><activitymilestone></activitymilestone><activitymilestonescope>0</activitymilestonescope><activitypendmilestone></activitypendmilestone><activitypendmilestonescope>0</activitypendmilestonescope><activitydonemilestone></activitydonemilestone><activitydonemilestonescope>0</activitydonemilestonescope><nodependevent /><nodependeventscope>0</nodependeventscope><nodedoneevent /><nodedoneeventscope>0</nodedoneeventscope><titleposno>5</titleposno><embeddedproccount>0</embeddedproccount><iscustomnode>0</iscustomnode><designtimesettings>&lt;designtimesettings&gt;&lt;xposition&gt;282&lt;/xposition&gt;&lt;yposition&gt;129.5&lt;/yposition&gt;&lt;width&gt;90&lt;/width&gt;&lt;height&gt;60&lt;/height&gt;&lt;inheritcolorfromsystem&gt;True&lt;/inheritcolorfromsystem&gt;&lt;colour&gt;#FFE3EDF3&lt;/colour&gt;&lt;textposition&gt;Centre&lt;/textposition&gt;&lt;lane&gt;&lt;name&gt;Lane1&lt;/name&gt;&lt;index&gt;0&lt;/index&gt;&lt;poolid&gt;7A8E526BDF714092BCE13ED717F7FFCB&lt;/poolid&gt;&lt;height&gt;597.55&lt;/height&gt;&lt;/lane&gt;&lt;annotations /&gt;&lt;attachments /&gt;&lt;resourcenotes /&gt;&lt;/designtimesettings&gt;</designtimesettings><attachments></attachments><annotations></annotations><dependants /><destinationnodes><destinationnode><nodeid>3</nodeid><nodetype>2</nodetype></destinationnode></destinationnodes><originnodes><originnode><nodeid>1</nodeid><nodetype>1</nodetype></originnode></originnodes><branchingrules /><runtimesettings>0</runtimesettings></nodedata><activitydata><inputvariables><inputvariable><varid>CREDIT_SCORE</varid></inputvariable><inputvariable><varid>CUSTOMER_ID</varid></inputvariable><inputvariable><varid>FIRST_NAME</varid></inputvariable><inputvariable><varid>LAST_NAME</varid></inputvariable><inputvariable><varid>LOAN_AMOUNT</varid></inputvariable><inputvariable><varid>LOAN_APPLICATION_DOCUMENT_ID</varid></inputvariable></inputvariables><outputvariables><outputvariable><varid>APPROVED</varid></outputvariable></outputvariables><requiredresources /><usableresources><resource><resourcetype>3</resourcetype><resourcename>Approving Officers</resourcename><resourceid>221E8FE22F894DB69D7658E806FEAE55</resourceid><serverid>277CA453D3BB3044985C99CE1F73C030</serverid><unavailability>Default</unavailability><accesstype>0</accesstype><seqassignorder>2</seqassignorder><excluded>0</excluded></resource></usableresources><dynamicresourcesdata><overwriteusableresources>0</overwriteusableresources><dynamicresourcesvariables /></dynamicresourcesdata><targettime>3600</targettime><delaytime>0</delaytime><expectedcost>0.000000</expectedcost><securitylevel>10</securitylevel><skilllevel>10</skilllevel><useprevioususer>0</useprevioususer><tasktype>2</tasktype><priority>1</priority><automatic>0</automatic><trackstorejvh>0</trackstorejvh><usesameasprevious>0</usesameasprevious><taskid>0</taskid><usesameasprevioustype>0</usesameasprevioustype><fixedcost>0.000000</fixedcost><taskname>Loan Approval</taskname><resourceid /><createdby>344FDD7CBA7349929F2EEACF453947C6</createdby><purpose>Please ensure you select Approved or Rejected from the Loan Decision dropdown.</purpose><description></description><script></script><processid /><creationdate>2019-07-01T13:49:31.60314</creationdate><transactionalinfo /><createnewjobinfo><cnjprocessid></cnjprocessid><initparams></initparams><outputs></outputs><varid></varid><jobtype>0</jobtype><reftype>0</reftype></createnewjobinfo><scriptprogid></scriptprogid><preloadscript>1</preloadscript><assocfile>LA_LoanApproval.form</assocfile><designinfo /><sleepinfo>0</sleepinfo><jobowneridinfo></jobowneridinfo><jobownervaridinfo></jobownervaridinfo><negativelagtime>0</negativelagtime><dynduedate>0</dynduedate><dynduedatevar /><dyntargetdurationvar /><sendemail>1</sendemail><emailto>1</emailto><subjecttext></subjecttext><subjectvar>APPROVAL_EMAIL_SUBJECT</subjectvar><contenttext></contenttext><contentvar>APPROVAL_BODY</contentvar><urltext></urltext><urlvar>APPROVAL_URL</urlvar><appendassocfile>1</appendassocfile><dotnet /><webservice /><activityinfo><useadvworkflowrules>0</useadvworkflowrules><seqactivityassignment>0</seqactivityassignment><concuractivityaccess>0</concuractivityaccess><noofusableresourcesreq>0</noofusableresourcesreq><exitcondition></exitcondition><expandgroups>0</expandgroups><noofusableresourcesreqvarid /></activityinfo><categoryid>D2EE3568320A4D27841780282C65AE54</categoryid><poolid>0</poolid><activityruntimesettings>0</activityruntimesettings><activityragamberthreshold>1800</activityragamberthreshold><activityragredthreshold>0</activityragredthreshold><activityragblackthreshold>0</activityragblackthreshold><activityragpurplethreshold>0</activityragpurplethreshold><form /><xmldata /><dataaccess /><getresourceinfo /><jobvariableinfo /><baminfo /><bpescalations /><preconditionslist /><startmethod></startmethod><classnamespace></classnamespace><resetlimit>-1</resetlimit><activitytimedoutaction>0</activitytimedoutaction><suspendreasontext></suspendreasontext><suspendreasonvarid></suspendreasonvarid></activitydata></node><node><nodetype>2</nodetype><nodedata><processid>51B762E170504C3D8E4FC1A4650106FE</processid><version>16.000000</version><nodeid>3</nodeid><isstartnode>0</isstartnode><nodetype>2</nodetype><designtimetype>0</designtimetype><activationprobability>100</activationprobability><embeddedname></embeddedname><state /><statescope>0</statescope><activitymilestone /><activitymilestonescope>0</activitymilestonescope><activitypendmilestone></activitypendmilestone><activitypendmilestonescope>0</activitypendmilestonescope><activitydonemilestone></activitydonemilestone><activitydonemilestonescope>0</activitydonemilestonescope><nodependevent /><nodependeventscope>0</nodependeventscope><nodedoneevent /><nodedoneeventscope>0</nodedoneeventscope><titleposno>5</titleposno><embeddedproccount>0</embeddedproccount><iscustomnode>0</iscustomnode><designtimesettings>&lt;designtimesettings&gt;&lt;xposition&gt;428&lt;/xposition&gt;&lt;yposition&gt;129.5&lt;/yposition&gt;&lt;width&gt;60&lt;/width&gt;&lt;height&gt;60&lt;/height&gt;&lt;inheritcolorfromsystem&gt;False&lt;/inheritcolorfromsystem&gt;&lt;colour&gt;#FFD5DC43&lt;/colour&gt;&lt;textposition&gt;Top&lt;/textposition&gt;&lt;lane&gt;&lt;name&gt;Lane1&lt;/name&gt;&lt;index&gt;0&lt;/index&gt;&lt;poolid&gt;7A8E526BDF714092BCE13ED717F7FFCB&lt;/poolid&gt;&lt;height&gt;597.55&lt;/height&gt;&lt;/lane&gt;&lt;annotations /&gt;&lt;attachments /&gt;&lt;/designtimesettings&gt;</designtimesettings><attachments></attachments><annotations></annotations><dependants /><destinationnodes><destinationnode><nodeid>4</nodeid><nodetype>1</nodetype></destinationnode><destinationnode><nodeid>11</nodeid><nodetype>1</nodetype></destinationnode></destinationnodes><originnodes><originnode><nodeid>2</nodeid><nodetype>2</nodetype></originnode></originnodes><branchingrules /><runtimesettings>0</runtimesettings></nodedata><decisiondata><decisionname>Approved</decisionname><description></description><decisiontext>&lt;Rule xmlns:xsd="http://www.w3.org/2001/XMLSchema" xmlns:xsi="http://www.w3.org/2001/XMLSchema-instance"&gt;&lt;RuleInputs&gt;&lt;RuleInput&gt;&lt;Id&gt;APPROVED&lt;/Id&gt;&lt;Scope&gt;None&lt;/Scope&gt;&lt;VariableType&gt;Empty&lt;/VariableType&gt;&lt;/RuleInput&gt;&lt;/RuleInputs&gt;&lt;Script&gt; ¬APPROVED¬&lt;/Script&gt;&lt;RuleType&gt;Decision&lt;/RuleType&gt;&lt;/Rule&gt;</decisiontext><trueid>11</trueid><trackstorejvh>0</trackstorejvh><casesensetive>1</casesensetive><inputvariables><inputvariable><varid>APPROVED</varid></inputvariable></inputvariables></decisiondata></node><node><nodetype>1</nodetype><nodedata><processid>51B762E170504C3D8E4FC1A4650106FE</processid><version>16.000000</version><nodeid>4</nodeid><isstartnode>0</isstartnode><nodetype>1</nodetype><designtimetype>1</designtimetype><activationprobability>100</activationprobability><embeddedname></embeddedname><state /><statescope>0</statescope><activitymilestone></activitymilestone><activitymilestonescope>0</activitymilestonescope><activitypendmilestone></activitypendmilestone><activitypendmilestonescope>0</activitypendmilestonescope><activitydonemilestone></activitydonemilestone><activitydonemilestonescope>0</activitydonemilestonescope><nodependevent /><nodependeventscope>0</nodependeventscope><nodedoneevent /><nodedoneeventscope>0</nodedoneeventscope><titleposno>5</titleposno><embeddedproccount>0</embeddedproccount><iscustomnode>0</iscustomnode><designtimesettings>&lt;designtimesettings&gt;&lt;xposition&gt;544&lt;/xposition&gt;&lt;yposition&gt;50&lt;/yposition&gt;&lt;width&gt;90&lt;/width&gt;&lt;height&gt;60&lt;/height&gt;&lt;inheritcolorfromsystem&gt;True&lt;/inheritcolorfromsystem&gt;&lt;colour&gt;#FFE3EDF3&lt;/colour&gt;&lt;textposition&gt;Centre&lt;/textposition&gt;&lt;lane&gt;&lt;name&gt;Lane1&lt;/name&gt;&lt;index&gt;0&lt;/index&gt;&lt;poolid&gt;7A8E526BDF714092BCE13ED717F7FFCB&lt;/poolid&gt;&lt;height&gt;597.55&lt;/height&gt;&lt;/lane&gt;&lt;annotations /&gt;&lt;attachments /&gt;&lt;resourcenotes /&gt;&lt;/designtimesettings&gt;</designtimesettings><attachments></attachments><annotations></annotations><dependants /><destinationnodes><destinationnode><nodeid>10</nodeid><nodetype>6</nodetype></destinationnode></destinationnodes><originnodes><originnode><nodeid>3</nodeid><nodetype>1</nodetype></originnode></originnodes><branchingrules /><runtimesettings>0</runtimesettings></nodedata><activitydata><inputvariables /><outputvariables /><requiredresources /><usableresources><resource><resourcetype>3</resourcetype><resourcename>Admin</resourcename><resourceid>BB78C4DBEE0548FD97717AD25FB56ECB</resourceid><serverid>277CA453D3BB3044985C99CE1F73C030</serverid><unavailability>Default</unavailability><accesstype>0</accesstype><seqassignorder>2</seqassignorder><excluded>0</excluded></resource></usableresources><dynamicresourcesdata><overwriteusableresources>0</overwriteusableresources><dynamicresourcesvariables /></dynamicresourcesdata><targettime>3600</targettime><delaytime>0</delaytime><expectedcost>0.000000</expectedcost><securitylevel>10</securitylevel><skilllevel>10</skilllevel><useprevioususer>0</useprevioususer><tasktype>2</tasktype><priority>1</priority><automatic>0</automatic><trackstorejvh>0</trackstorejvh><usesameasprevious>0</usesameasprevious><taskid>0</taskid><usesameasprevioustype>0</usesameasprevioustype><fixedcost>0.000000</fixedcost><taskname>Generate Rejection Letter</taskname><resourceid /><createdby>344FDD7CBA7349929F2EEACF453947C6</createdby><purpose></purpose><description></description><script></script><processid /><creationdate>2019-07-01T13:49:31.61096</creationdate><transactionalinfo /><createnewjobinfo><cnjprocessid></cnjprocessid><initparams></initparams><outputs></outputs><varid></varid><jobtype>0</jobtype><reftype>0</reftype></createnewjobinfo><scriptprogid></scriptprogid><preloadscript>1</preloadscript><assocfile>LA_GenerateRejectionLetter.form</assocfile><designinfo /><sleepinfo>0</sleepinfo><jobowneridinfo></jobowneridinfo><jobownervaridinfo></jobownervaridinfo><negativelagtime>0</negativelagtime><dynduedate>0</dynduedate><dynduedatevar /><dyntargetdurationvar /><sendemail>0</sendemail><emailto>0</emailto><subjecttext></subjecttext><subjectvar></subjectvar><contenttext></contenttext><contentvar></contentvar><urltext></urltext><urlvar></urlvar><appendassocfile>0</appendassocfile><dotnet /><webservice /><activityinfo><useadvworkflowrules>0</useadvworkflowrules><seqactivityassignment>0</seqactivityassignment><concuractivityaccess>0</concuractivityaccess><noofusableresourcesreq>0</noofusableresourcesreq><exitcondition></exitcondition><expandgroups>0</expandgroups><noofusableresourcesreqvarid /></activityinfo><categoryid>D2EE3568320A4D27841780282C65AE54</categoryid><poolid>0</poolid><activityruntimesettings>0</activityruntimesettings><activityragamberthreshold>0</activityragamberthreshold><activityragredthreshold>0</activityragredthreshold><activityragblackthreshold>0</activityragblackthreshold><activityragpurplethreshold>0</activityragpurplethreshold><form /><xmldata /><dataaccess /><getresourceinfo /><jobvariableinfo /><baminfo /><bpescalations /><preconditionslist /><startmethod></startmethod><classnamespace></classnamespace><resetlimit>-1</resetlimit><activitytimedoutaction>0</activitytimedoutaction><suspendreasontext></suspendreasontext><suspendreasonvarid></suspendreasonvarid></activitydata></node><node><nodetype>1</nodetype><nodedata><processid>51B762E170504C3D8E4FC1A4650106FE</processid><version>16.000000</version><nodeid>6</nodeid><isstartnode>0</isstartnode><nodetype>1</nodetype><designtimetype>102</designtimetype><activationprobability>100</activationprobability><embeddedname></embeddedname><state /><statescope>0</statescope><activitymilestone></activitymilestone><activitymilestonescope>0</activitymilestonescope><activitypendmilestone></activitypendmilestone><activitypendmilestonescope>0</activitypendmilestonescope><activitydonemilestone></activitydonemilestone><activitydonemilestonescope>0</activitydonemilestonescope><nodependevent /><nodependeventscope>0</nodependeventscope><nodedoneevent /><nodedoneeventscope>0</nodedoneeventscope><titleposno>5</titleposno><embeddedproccount>0</embeddedproccount><iscustomnode>0</iscustomnode><designtimesettings>&lt;designtimesettings&gt;&lt;xposition&gt;690&lt;/xposition&gt;&lt;yposition&gt;151&lt;/yposition&gt;&lt;width&gt;90&lt;/width&gt;&lt;height&gt;60&lt;/height&gt;&lt;inheritcolorfromsystem&gt;True&lt;/inheritcolorfromsystem&gt;&lt;colour&gt;#FFE3EDF3&lt;/colour&gt;&lt;textposition&gt;Top&lt;/textposition&gt;&lt;lane&gt;&lt;name /&gt;&lt;index&gt;0&lt;/index&gt;&lt;poolid /&gt;&lt;height&gt;0&lt;/height&gt;&lt;/lane&gt;&lt;annotations /&gt;&lt;attachments /&gt;&lt;resourcenotes /&gt;&lt;/designtimesettings&gt;</designtimesettings><attachments></attachments><annotations></annotations><dependants /><destinationnodes><destinationnode><nodeid>8</nodeid><nodetype>1</nodetype></destinationnode></destinationnodes><originnodes><originnode><nodeid>11</nodeid><nodetype>1</nodetype></originnode></originnodes><branchingrules /><runtimesettings>0</runtimesettings></nodedata><activitydata><inputvariables><inputvariable><varid>SPP_SYSTEM_SESSION_ID</varid></inputvariable><inputvariable><varid>EMAIL_FROM</varid></inputvariable><inputvariable><varid>EMAIL_TO</varid></inputvariable><inputvariable><varid>EMAIL_SUBJECT</varid></inputvariable><inputvariable><varid>FIRST_NAME</varid></inputvariable><inputvariable><varid>EMAIL_BODY</varid></inputvariable><inputvariable><varid>SPP_SMTP_SERVER</varid></inputvariable></inputvariables><outputvariables /><requiredresources /><usableresources /><dynamicresourcesdata><overwriteusableresources>0</overwriteusableresources><dynamicresourcesvariables /></dynamicresourcesdata><targettime>0</targettime><delaytime>3600</delaytime><expectedcost>0.000000</expectedcost><securitylevel>10</securitylevel><skilllevel>10</skilllevel><useprevioususer>0</useprevioususer><tasktype>7</tasktype><priority>1</priority><automatic>1</automatic><trackstorejvh>0</trackstorejvh><usesameasprevious>0</usesameasprevious><taskid>0</taskid><usesameasprevioustype>0</usesameasprevioustype><fixedcost>0.000000</fixedcost><taskname>Email Forms</taskname><resourceid /><createdby>344FDD7CBA7349929F2EEACF453947C6</createdby><purpose></purpose><description></description><script></script><processid /><creationdate>2019-07-01T13:49:31.62559</creationdate><transactionalinfo /><createnewjobinfo><cnjprocessid></cnjprocessid><initparams></initparams><outputs></outputs><varid></varid><jobtype>0</jobtype><reftype>0</reftype></createnewjobinfo><scriptprogid></scriptprogid><preloadscript>1</preloadscript><assocfile></assocfile><designinfo /><sleepinfo>0</sleepinfo><jobowneridinfo></jobowneridinfo><jobownervaridinfo></jobownervaridinfo><negativelagtime>0</negativelagtime><dynduedate>0</dynduedate><dynduedatevar /><dyntargetdurationvar /><sendemail>0</sendemail><emailto>0</emailto><subjecttext></subjecttext><subjectvar></subjectvar><contenttext></contenttext><contentvar></contentvar><urltext></urltext><urlvar></urlvar><appendassocfile>0</appendassocfile><dotnet><dotnetactivity><assemblyid>TotalAgility.Sdk.dll</assemblyid><assemblyloadtype>0</assemblyloadtype><assemblyname>TotalAgility.Sdk.dll</assemblyname><classname>TotalAgility.Sdk.ServerService</classname><methodname>SendEmail3</methodname><duplicatemethodno>1</duplicatemethodno><noofparams>0</noofparams><paramsmappingxmltag>&lt;parameters&gt;&lt;param direction="in" source="SPP_SYSTEM_SESSION_ID" field="SPP_SYSTEM_SESSION_ID" datatype="System.String" value="SPP_SYSTEM_SESSION_ID" name="sessionId" selection="false" /&gt;&lt;param direction="in" datatype="Agility.Sdk.Model.Email.EmailInfo3" name="emailInfo" selection="false"&gt;&lt;member name="FromField" type="Agility.Sdk.Model.Email.Recipient[]" selection="false" index="0"&gt;&lt;member type="Agility.Sdk.Model.Email.Recipient" selection="false" index="0"&gt;&lt;member name="RecipientType" source="inline" type="System.Int16" value="0" selection="false" index="0" /&gt;&lt;member name="EmailTarget" source="EMAIL_FROM" type="System.String" value="EMAIL_FROM" field="EMAIL_FROM" selection="false" index="0" /&gt;&lt;/member&gt;&lt;/member&gt;&lt;member name="ToField" type="Agility.Sdk.Model.Email.Recipient[]" selection="false" index="0"&gt;&lt;member type="Agility.Sdk.Model.Email.Recipient" selection="false" index="0"&gt;&lt;member name="RecipientType" source="inline" type="System.Int16" value="0" selection="false" index="0" /&gt;&lt;member name="EmailTarget" source="EMAIL_TO" type="System.String" value="EMAIL_TO" field="EMAIL_TO" selection="false" index="0" /&gt;&lt;/member&gt;&lt;/member&gt;&lt;member name="CCField" type="Agility.Sdk.Model.Email.Recipient[]" selection="false" index="0" /&gt;&lt;member name="BccField" type="Agility.Sdk.Model.Email.Recipient[]" selection="false" index="0" /&gt;&lt;member name="Attachments" type="Agility.Sdk.Model.Email.EmailAttachment[]" selection="false" index="0" /&gt;&lt;member name="Importance" source="inline" type="System.Int16" value="0" selection="false" index="0" /&gt;&lt;member name="DynamicImportance" source="inline" type="System.String" value="" selection="false" index="0" /&gt;&lt;member name="Format" source="inline" type="System.Int16" value="0" selection="false" index="0" /&gt;&lt;member name="DynamicFormat" source="inline" type="System.String" value="" selection="false" index="0" /&gt;&lt;member name="SubjectRule" type="Agility.Sdk.Model.Rules.Rule" selection="false" index="0"&gt;&lt;member name="Script" source="inline" type="System.String" value="¬EMAIL_SUBJECT¬ " selection="false" index="0" /&gt;&lt;member name="RuleInputs" type="Agility.Sdk.Model.Rules.RuleInput[]" selection="false" index="0"&gt;&lt;member type="Agility.Sdk.Model.Rules.RuleInput" selection="false" index="0"&gt;&lt;member name="Id" source="inline" type="System.String" value="EMAIL_SUBJECT" selection="false" index="0" /&gt;&lt;member name="Scope" source="inline" type="System.Int16" value="20" selection="false" index="0" /&gt;&lt;member name="RuleInputType" source="inline" type="System.Int16" value="8" selection="false" index="0" /&gt;&lt;/member&gt;&lt;/member&gt;&lt;member name="RuleType" source="inline" type="System.Int16" value="7" selection="false" index="0" /&gt;&lt;/member&gt;&lt;member name="BodyRule" type="Agility.Sdk.Model.Rules.Rule" selection="false" index="0"&gt;&lt;member name="Script" source="inline" type="System.String" value="Dear ¬FIRST_NAME¬&amp;#xD;&amp;#xD;¬EMAIL_BODY¬&amp;#xD;" selection="false" index="0" /&gt;&lt;member name="RuleInputs" type="Agility.Sdk.Model.Rules.RuleInput[]" selection="false" index="0"&gt;&lt;member type="Agility.Sdk.Model.Rules.RuleInput" selection="false" index="0"&gt;&lt;member name="Id" source="inline" type="System.String" value="FIRST_NAME" selection="false" index="0" /&gt;&lt;member name="Scope" source="inline" type="System.Int16" value="20" selection="false" index="0" /&gt;&lt;member name="RuleInputType" source="inline" type="System.Int16" value="8" selection="false" index="0" /&gt;&lt;/member&gt;&lt;member type="Agility.Sdk.Model.Rules.RuleInput" selection="false" index="0"&gt;&lt;member name="Id" source="inline" type="System.String" value="EMAIL_BODY" selection="false" index="0" /&gt;&lt;member name="Scope" source="inline" type="System.Int16" value="20" selection="false" index="0" /&gt;&lt;member name="RuleInputType" source="inline" type="System.Int16" value="8" selection="false" index="0" /&gt;&lt;/member&gt;&lt;/member&gt;&lt;member name="RuleType" source="inline" type="System.Int16" value="7" selection="false" index="0" /&gt;&lt;/member&gt;&lt;/param&gt;&lt;param direction="in" source="SPP_SMTP_SERVER" field="SPP_SMTP_SERVER" datatype="System.String" value="SPP_SMTP_SERVER" name="smtpServerName" selection="false" /&gt;&lt;param direction="in" datatype="Agility.Sdk.Model.Variables.InputVariable[]" name="inputVariables" selection="false"&gt;&lt;member type="Agility.Sdk.Model.Variables.InputVariable" selection="false" index="0"&gt;&lt;member name="Id" source="inline" type="System.String" value="EMAIL_SUBJECT" selection="false" index="0" /&gt;&lt;member name="Value" source="EMAIL_SUBJECT" type="System.Object" value="EMAIL_SUBJECT" field="EMAIL_SUBJECT" selection="false" index="0" /&gt;&lt;/member&gt;&lt;member type="Agility.Sdk.Model.Variables.InputVariable" selection="false" index="0"&gt;&lt;member name="Id" source="inline" type="System.String" value="FIRST_NAME" selection="false" index="0" /&gt;&lt;member name="Value" source="FIRST_NAME" type="System.Object" value="FIRST_NAME" field="FIRST_NAME" selection="false" index="0" /&gt;&lt;/member&gt;&lt;member type="Agility.Sdk.Model.Variables.InputVariable" selection="false" index="0"&gt;&lt;member name="Id" source="inline" type="System.String" value="EMAIL_BODY" selection="false" index="0" /&gt;&lt;member name="Value" source="EMAIL_BODY" type="System.Object" value="EMAIL_BODY" field="EMAIL_BODY" selection="false" index="0" /&gt;&lt;/member&gt;&lt;/param&gt;&lt;/parameters&gt;</paramsmappingxmltag></dotnetactivity></dotnet><webservice /><activityinfo><useadvworkflowrules>0</useadvworkflowrules><seqactivityassignment>0</seqactivityassignment><concuractivityaccess>0</concuractivityaccess><noofusableresourcesreq>0</noofusableresourcesreq><exitcondition></exitcondition><expandgroups>0</expandgroups><noofusableresourcesreqvarid /></activityinfo><categoryid>D2EE3568320A4D27841780282C65AE54</categoryid><poolid>0</poolid><activityruntimesettings>0</activityruntimesettings><activityragamberthreshold>0</activityragamberthreshold><activityragredthreshold>0</activityragredthreshold><activityragblackthreshold>0</activityragblackthreshold><activityragpurplethreshold>0</activityragpurplethreshold><form /><xmldata /><dataaccess /><getresourceinfo /><jobvariableinfo /><baminfo /><bpescalations /><preconditionslist /><startmethod></startmethod><classnamespace></classnamespace><resetlimit>-1</resetlimit><activitytimedoutaction>0</activitytimedoutaction><suspendreasontext></suspendreasontext><suspendreasonvarid></suspendreasonvarid></activitydata></node><node><nodetype>1</nodetype><nodedata><processid>51B762E170504C3D8E4FC1A4650106FE</processid><version>16.000000</version><nodeid>7</nodeid><isstartnode>0</isstartnode><nodetype>1</nodetype><designtimetype>1</designtimetype><activationprobability>100</activationprobability><embeddedname></embeddedname><state /><statescope>0</statescope><activitymilestone></activitymilestone><activitymilestonescope>0</activitymilestonescope><activitypendmilestone></activitypendmilestone><activitypendmilestonescope>0</activitypendmilestonescope><activitydonemilestone></activitydonemilestone><activitydonemilestonescope>0</activitydonemilestonescope><nodependevent /><nodependeventscope>0</nodependeventscope><nodedoneevent /><nodedoneeventscope>0</nodedoneeventscope><titleposno>5</titleposno><embeddedproccount>0</embeddedproccount><iscustomnode>0</iscustomnode><designtimesettings>&lt;designtimesettings&gt;&lt;xposition&gt;690&lt;/xposition&gt;&lt;yposition&gt;267&lt;/yposition&gt;&lt;width&gt;90&lt;/width&gt;&lt;height&gt;60&lt;/height&gt;&lt;inheritcolorfromsystem&gt;True&lt;/inheritcolorfromsystem&gt;&lt;colour&gt;#FFE3EDF3&lt;/colour&gt;&lt;textposition&gt;Centre&lt;/textposition&gt;&lt;lane&gt;&lt;name&gt;Lane1&lt;/name&gt;&lt;index&gt;0&lt;/index&gt;&lt;poolid&gt;7A8E526BDF714092BCE13ED717F7FFCB&lt;/poolid&gt;&lt;height&gt;597.55&lt;/height&gt;&lt;/lane&gt;&lt;annotations /&gt;&lt;attachments /&gt;&lt;resourcenotes /&gt;&lt;/designtimesettings&gt;</designtimesettings><attachments></attachments><annotations></annotations><dependants /><destinationnodes><destinationnode><nodeid>8</nodeid><nodetype>1</nodetype></destinationnode></destinationnodes><originnodes><originnode><nodeid>11</nodeid><nodetype>1</nodetype></originnode></originnodes><branchingrules /><runtimesettings>0</runtimesettings></nodedata><activitydata><inputvariables /><outputvariables /><requiredresources /><usableresources><resource><resourcetype>3</resourcetype><resourcename>Admin</resourcename><resourceid>BB78C4DBEE0548FD97717AD25FB56ECB</resourceid><serverid>277CA453D3BB3044985C99CE1F73C030</serverid><unavailability>Default</unavailability><accesstype>0</accesstype><seqassignorder>1</seqassignorder><excluded>0</excluded></resource></usableresources><dynamicresourcesdata><overwriteusableresources>0</overwriteusableresources><dynamicresourcesvariables /></dynamicresourcesdata><targettime>10800</targettime><delaytime>0</delaytime><expectedcost>0.000000</expectedcost><securitylevel>10</securitylevel><skilllevel>10</skilllevel><useprevioususer>0</useprevioususer><tasktype>2</tasktype><priority>1</priority><automatic>0</automatic><trackstorejvh>0</trackstorejvh><usesameasprevious>0</usesameasprevious><taskid>0</taskid><usesameasprevioustype>0</usesameasprevioustype><fixedcost>0.000000</fixedcost><taskname>Post Forms</taskname><resourceid /><createdby>344FDD7CBA7349929F2EEACF453947C6</createdby><purpose></purpose><description></description><script></script><processid /><creationdate>2019-07-01T13:49:31.62852</creationdate><transactionalinfo /><createnewjobinfo><cnjprocessid></cnjprocessid><initparams></initparams><outputs></outputs><varid></varid><jobtype>0</jobtype><reftype>0</reftype></createnewjobinfo><scriptprogid></scriptprogid><preloadscript>1</preloadscript><assocfile>LA_PostForms.form</assocfile><designinfo /><sleepinfo>0</sleepinfo><jobowneridinfo></jobowneridinfo><jobownervaridinfo></jobownervaridinfo><negativelagtime>0</negativelagtime><dynduedate>0</dynduedate><dynduedatevar /><dyntargetdurationvar /><sendemail>0</sendemail><emailto>0</emailto><subjecttext></subjecttext><subjectvar></subjectvar><contenttext></contenttext><contentvar></contentvar><urltext></urltext><urlvar></urlvar><appendassocfile>0</appendassocfile><dotnet /><webservice /><activityinfo><useadvworkflowrules>0</useadvworkflowrules><seqactivityassignment>0</seqactivityassignment><concuractivityaccess>0</concuractivityaccess><noofusableresourcesreq>0</noofusableresourcesreq><exitcondition></exitcondition><expandgroups>0</expandgroups><noofusableresourcesreqvarid /></activityinfo><categoryid>D2EE3568320A4D27841780282C65AE54</categoryid><poolid>0</poolid><activityruntimesettings>0</activityruntimesettings><activityragamberthreshold>0</activityragamberthreshold><activityragredthreshold>0</activityragredthreshold><activityragblackthreshold>0</activityragblackthreshold><activityragpurplethreshold>0</activityragpurplethreshold><form /><xmldata /><dataaccess /><getresourceinfo /><jobvariableinfo /><baminfo /><bpescalations /><preconditionslist /><startmethod></startmethod><classnamespace></classnamespace><resetlimit>-1</resetlimit><activitytimedoutaction>0</activitytimedoutaction><suspendreasontext></suspendreasontext><suspendreasonvarid></suspendreasonvarid></activitydata></node><node><nodetype>1</nodetype><nodedata><processid>51B762E170504C3D8E4FC1A4650106FE</processid><version>16.000000</version><nodeid>8</nodeid><isstartnode>0</isstartnode><nodetype>1</nodetype><designtimetype>1</designtimetype><activationprobability>100</activationprobability><embeddedname></embeddedname><state /><statescope>0</statescope><activitymilestone></activitymilestone><activitymilestonescope>0</activitymilestonescope><activitypendmilestone></activitypendmilestone><activitypendmilestonescope>0</activitypendmilestonescope><activitydonemilestone></activitydonemilestone><activitydonemilestonescope>0</activitydonemilestonescope><nodependevent /><nodependeventscope>0</nodependeventscope><nodedoneevent /><nodedoneeventscope>0</nodedoneeventscope><titleposno>5</titleposno><embeddedproccount>0</embeddedproccount><iscustomnode>0</iscustomnode><designtimesettings>&lt;designtimesettings&gt;&lt;xposition&gt;836&lt;/xposition&gt;&lt;yposition&gt;151&lt;/yposition&gt;&lt;width&gt;90&lt;/width&gt;&lt;height&gt;60&lt;/height&gt;&lt;inheritcolorfromsystem&gt;True&lt;/inheritcolorfromsystem&gt;&lt;colour&gt;#FFE3EDF3&lt;/colour&gt;&lt;textposition&gt;Centre&lt;/textposition&gt;&lt;lane&gt;&lt;name&gt;Lane1&lt;/name&gt;&lt;index&gt;0&lt;/index&gt;&lt;poolid&gt;7A8E526BDF714092BCE13ED717F7FFCB&lt;/poolid&gt;&lt;height&gt;597.55&lt;/height&gt;&lt;/lane&gt;&lt;annotations /&gt;&lt;attachments /&gt;&lt;resourcenotes /&gt;&lt;/designtimesettings&gt;</designtimesettings><attachments></attachments><annotations></annotations><dependants><dependant><nodeid>6</nodeid><optional>0</optional></dependant><dependant><nodeid>7</nodeid><optional>0</optional></dependant></dependants><destinationnodes><destinationnode><nodeid>9</nodeid><nodetype>6</nodetype></destinationnode></destinationnodes><originnodes><originnode><nodeid>6</nodeid><nodetype>1</nodetype></originnode><originnode><nodeid>7</nodeid><nodetype>1</nodetype></originnode></originnodes><branchingrules /><runtimesettings>0</runtimesettings></nodedata><activitydata><inputvariables /><outputvariables /><requiredresources /><usableresources><resource><resourcetype>3</resourcetype><resourcename>Admin</resourcename><resourceid>BB78C4DBEE0548FD97717AD25FB56ECB</resourceid><serverid>277CA453D3BB3044985C99CE1F73C030</serverid><unavailability>Default</unavailability><accesstype>0</accesstype><seqassignorder>2</seqassignorder><excluded>0</excluded></resource></usableresources><dynamicresourcesdata><overwriteusableresources>0</overwriteusableresources><dynamicresourcesvariables /></dynamicresourcesdata><targettime>0</targettime><delaytime>432000</delaytime><expectedcost>0.000000</expectedcost><securitylevel>10</securitylevel><skilllevel>10</skilllevel><useprevioususer>0</useprevioususer><tasktype>2</tasktype><priority>1</priority><automatic>0</automatic><trackstorejvh>0</trackstorejvh><usesameasprevious>0</usesameasprevious><taskid>0</taskid><usesameasprevioustype>0</usesameasprevioustype><fixedcost>0.000000</fixedcost><taskname>Wait for Forms</taskname><resourceid /><createdby>344FDD7CBA7349929F2EEACF453947C6</createdby><purpose></purpose><description></description><script></script><processid /><creationdate>2019-07-01T13:49:31.62950</creationdate><transactionalinfo /><createnewjobinfo><cnjprocessid></cnjprocessid><initparams></initparams><outputs></outputs><varid></varid><jobtype>0</jobtype><reftype>0</reftype></createnewjobinfo><scriptprogid></scriptprogid><preloadscript>1</preloadscript><assocfile>LA_WaitForForms.form</assocfile><designinfo /><sleepinfo>0</sleepinfo><jobowneridinfo></jobowneridinfo><jobownervaridinfo></jobownervaridinfo><negativelagtime>0</negativelagtime><dynduedate>0</dynduedate><dynduedatevar /><dyntargetdurationvar /><sendemail>0</sendemail><emailto>0</emailto><subjecttext></subjecttext><subjectvar></subjectvar><contenttext></contenttext><contentvar></contentvar><urltext></urltext><urlvar></urlvar><appendassocfile>0</appendassocfile><dotnet /><webservice /><activityinfo><useadvworkflowrules>0</useadvworkflowrules><seqactivityassignment>0</seqactivityassignment><concuractivityaccess>0</concuractivityaccess><noofusableresourcesreq>0</noofusableresourcesreq><exitcondition></exitcondition><expandgroups>0</expandgroups><noofusableresourcesreqvarid /></activityinfo><categoryid>D2EE3568320A4D27841780282C65AE54</categoryid><poolid>0</poolid><activityruntimesettings>0</activityruntimesettings><activityragamberthreshold>0</activityragamberthreshold><activityragredthreshold>0</activityragredthreshold><activityragblackthreshold>0</activityragblackthreshold><activityragpurplethreshold>0</activityragpurplethreshold><form /><xmldata /><dataaccess /><getresourceinfo /><jobvariableinfo /><baminfo /><bpescalations /><preconditionslist /><startmethod></startmethod><classnamespace></classnamespace><resetlimit>-1</resetlimit><activitytimedoutaction>0</activitytimedoutaction><suspendreasontext></suspendreasontext><suspendreasonvarid></suspendreasonvarid></activitydata></node><node><nodetype>6</nodetype><nodedata><processid>51B762E170504C3D8E4FC1A4650106FE</processid><version>16.000000</version><nodeid>9</nodeid><isstartnode>0</isstartnode><nodetype>6</nodetype><designtimetype>0</designtimetype><activationprobability>100</activationprobability><embeddedname></embeddedname><state /><statescope>0</statescope><activitymilestone /><activitymilestonescope>0</activitymilestonescope><activitypendmilestone></activitypendmilestone><activitypendmilestonescope>0</activitypendmilestonescope><activitydonemilestone></activitydonemilestone><activitydonemilestonescope>0</activitydonemilestonescope><nodependevent /><nodependeventscope>0</nodependeventscope><nodedoneevent /><nodedoneeventscope>0</nodedoneeventscope><titleposno>5</titleposno><embeddedproccount>0</embeddedproccount><iscustomnode>0</iscustomnode><designtimesettings>&lt;designtimesettings&gt;&lt;xposition&gt;982&lt;/xposition&gt;&lt;yposition&gt;166&lt;/yposition&gt;&lt;width&gt;30&lt;/width&gt;&lt;height&gt;30&lt;/height&gt;&lt;inheritcolorfromsystem&gt;False&lt;/inheritcolorfromsystem&gt;&lt;colour&gt;#FF9B0000&lt;/colour&gt;&lt;eventtype&gt;Default&lt;/eventtype&gt;&lt;name&gt;End&lt;/name&gt;&lt;textposition&gt;CentreRight&lt;/textposition&gt;&lt;lane&gt;&lt;name&gt;Lane1&lt;/name&gt;&lt;index&gt;0&lt;/index&gt;&lt;poolid&gt;7A8E526BDF714092BCE13ED717F7FFCB&lt;/poolid&gt;&lt;height&gt;597.55&lt;/height&gt;&lt;/lane&gt;&lt;annotations /&gt;&lt;attachments /&gt;&lt;/designtimesettings&gt;</designtimesettings><attachments></attachments><annotations></annotations><dependants /><destinationnodes /><originnodes><originnode><nodeid>8</nodeid><nodetype>6</nodetype></originnode></originnodes><branchingrules /><runtimesettings>0</runtimesettings></nodedata></node><node><nodetype>6</nodetype><nodedata><processid>51B762E170504C3D8E4FC1A4650106FE</processid><version>16.000000</version><nodeid>10</nodeid><isstartnode>0</isstartnode><nodetype>6</nodetype><designtimetype>0</designtimetype><activationprobability>100</activationprobability><embeddedname></embeddedname><state /><statescope>0</statescope><activitymilestone /><activitymilestonescope>0</activitymilestonescope><activitypendmilestone></activitypendmilestone><activitypendmilestonescope>0</activitypendmilestonescope><activitydonemilestone></activitydonemilestone><activitydonemilestonescope>0</activitydonemilestonescope><nodependevent /><nodependeventscope>0</nodependeventscope><nodedoneevent /><nodedoneeventscope>0</nodedoneeventscope><titleposno>5</titleposno><embeddedproccount>0</embeddedproccount><iscustomnode>0</iscustomnode><designtimesettings>&lt;designtimesettings&gt;&lt;xposition&gt;690&lt;/xposition&gt;&lt;yposition&gt;65&lt;/yposition&gt;&lt;width&gt;30&lt;/width&gt;&lt;height&gt;30&lt;/height&gt;&lt;inheritcolorfromsystem&gt;False&lt;/inheritcolorfromsystem&gt;&lt;colour&gt;#FF9B0000&lt;/colour&gt;&lt;eventtype&gt;Default&lt;/eventtype&gt;&lt;name&gt;End&lt;/name&gt;&lt;textposition&gt;CentreRight&lt;/textposition&gt;&lt;lane&gt;&lt;name&gt;Lane1&lt;/name&gt;&lt;index&gt;0&lt;/index&gt;&lt;poolid&gt;7A8E526BDF714092BCE13ED717F7FFCB&lt;/poolid&gt;&lt;height&gt;597.55&lt;/height&gt;&lt;/lane&gt;&lt;annotations /&gt;&lt;attachments /&gt;&lt;/designtimesettings&gt;</designtimesettings><attachments></attachments><annotations></annotations><dependants /><destinationnodes /><originnodes><originnode><nodeid>4</nodeid><nodetype>6</nodetype></originnode></originnodes><branchingrules /><runtimesettings>0</runtimesettings></nodedata></node><node><nodetype>1</nodetype><nodedata><processid>51B762E170504C3D8E4FC1A4650106FE</processid><version>16.000000</version><nodeid>11</nodeid><isstartnode>0</isstartnode><nodetype>1</nodetype><designtimetype>105</designtimetype><activationprobability>100</activationprobability><embeddedname></embeddedname><state /><statescope>0</statescope><activitymilestone></activitymilestone><activitymilestonescope>0</activitymilestonescope><activitypendmilestone></activitypendmilestone><activitypendmilestonescope>0</activitypendmilestonescope><activitydonemilestone></activitydonemilestone><activitydonemilestonescope>0</activitydonemilestonescope><nodependevent /><nodependeventscope>0</nodependeventscope><nodedoneevent /><nodedoneeventscope>0</nodedoneeventscope><titleposno>5</titleposno><embeddedproccount>0</embeddedproccount><iscustomnode>0</iscustomnode><designtimesettings>&lt;designtimesettings&gt;&lt;xposition&gt;544&lt;/xposition&gt;&lt;yposition&gt;209&lt;/yposition&gt;&lt;width&gt;90&lt;/width&gt;&lt;height&gt;60&lt;/height&gt;&lt;inheritcolorfromsystem&gt;True&lt;/inheritcolorfromsystem&gt;&lt;colour&gt;#FFE3EDF3&lt;/colour&gt;&lt;textposition&gt;Top&lt;/textposition&gt;&lt;lane&gt;&lt;name /&gt;&lt;index&gt;0&lt;/index&gt;&lt;poolid /&gt;&lt;height&gt;0&lt;/height&gt;&lt;/lane&gt;&lt;annotations&gt;&lt;annotation&gt;&lt;xposition&gt;344&lt;/xposition&gt;&lt;yposition&gt;305&lt;/yposition&gt;&lt;height&gt;90&lt;/height&gt;&lt;width&gt;150&lt;/width&gt;&lt;text&gt;The system should generate this document&lt;/text&gt;&lt;id&gt;D306B50C4CCF419BBEA9A7464DA23949&lt;/id&gt;&lt;lane&gt;&lt;name&gt;Lane1&lt;/name&gt;&lt;index&gt;0&lt;/index&gt;&lt;poolid&gt;7A8E526BDF714092BCE13ED717F7FFCB&lt;/poolid&gt;&lt;/lane&gt;&lt;/annotation&gt;&lt;/annotations&gt;&lt;attachments /&gt;&lt;resourcenotes /&gt;&lt;/designtimesettings&gt;</designtimesettings><attachments></attachments><annotations><annotation><text>The system should generate this document</text></annotation></annotations><dependants /><destinationnodes><destinationnode><nodeid>6</nodeid><nodetype>1</nodetype></destinationnode><destinationnode><nodeid>7</nodeid><nodetype>1</nodetype></destinationnode></destinationnodes><originnodes><originnode><nodeid>3</nodeid><nodetype>1</nodetype></originnode></originnodes><branchingrules /><runtimesettings>0</runtimesettings></nodedata><activitydata><inputvariables><inputvariable><varid>SPP_SYSTEM_SESSION_ID</varid></inputvariable><inputvariable><varid>LOAN_CASES_ROOT_FOLDER</varid></inputvariable><inputvariable><varid>LAST_NAME</varid></inputvariable><inputvariable><varid>SPP_CASE_REFERENCE</varid></inputvariable><inputvariable><varid>FIRST_NAME</varid></inputvariable><inputvariable><varid>LOAN_AMOUNT</varid></inputvariable><inputvariable><varid>CREDIT_SCORE</varid></inputvariable></inputvariables><outputvariables /><requiredresources /><usableresources /><dynamicresourcesdata><overwriteusableresources>0</overwriteusableresources><dynamicresourcesvariables /></dynamicresourcesdata><targettime>0</targettime><delaytime>0</delaytime><expectedcost>0.000000</expectedcost><securitylevel>10</securitylevel><skilllevel>10</skilllevel><useprevioususer>0</useprevioususer><tasktype>7</tasktype><priority>1</priority><automatic>1</automatic><trackstorejvh>0</trackstorejvh><usesameasprevious>0</usesameasprevious><taskid>0</taskid><usesameasprevioustype>0</usesameasprevioustype><fixedcost>0.000000</fixedcost><taskname>Generate Confirmation Letter</taskname><resourceid /><createdby>344FDD7CBA7349929F2EEACF453947C6</createdby><purpose></purpose><description></description><script></script><processid /><creationdate>2019-07-01T13:49:31.63339</creationdate><transactionalinfo /><createnewjobinfo><cnjprocessid></cnjprocessid><initparams></initparams><outputs></outputs><varid></varid><jobtype>0</jobtype><reftype>0</reftype></createnewjobinfo><scriptprogid></scriptprogid><preloadscript>1</preloadscript><assocfile></assocfile><designinfo /><sleepinfo>0</sleepinfo><jobowneridinfo></jobowneridinfo><jobownervaridinfo></jobownervaridinfo><negativelagtime>0</negativelagtime><dynduedate>0</dynduedate><dynduedatevar /><dyntargetdurationvar /><sendemail>0</sendemail><emailto>0</emailto><subjecttext></subjecttext><subjectvar></subjectvar><contenttext></contenttext><contentvar></contentvar><urltext></urltext><urlvar></urlvar><appendassocfile>0</appendassocfile><dotnet><dotnetactivity><assemblyid>TotalAgility.Sdk.dll</assemblyid><assemblyloadtype>0</assemblyloadtype><assemblyname>TotalAgility.Sdk.dll</assemblyname><classname>TotalAgility.Sdk.DocumentGenerationService</classname><methodname>CreateDocument3</methodname><duplicatemethodno>1</duplicatemethodno><noofparams>0</noofparams><paramsmappingxmltag>&lt;parameters&gt;&lt;param direction="in" source="SPP_SYSTEM_SESSION_ID" field="SPP_SYSTEM_SESSION_ID" datatype="System.String" value="SPP_SYSTEM_SESSION_ID" name="sessionId" selection="false" /&gt;&lt;param direction="in" source="" field="" datatype="Agility.Sdk.Model.Document.CreateDocumentInfo2" value="" name="createDocumentInfo" selection="false"&gt;&lt;member name="TemplatePath" source="inline" type="System.String" value="LoanConfirmation.dotx" field="LoanConfirmation.dotx" selection="false" index="0" /&gt;&lt;member name="DocumentTypeId" source="inline" type="System.String" value="" field="" selection="false" index="0" /&gt;&lt;member name="FolderTypeId" source="inline" type="System.String" value="" field="" selection="false" index="0" /&gt;&lt;member name="FolderId" source="inline" type="System.String" value="" field="" selection="false" index="0" /&gt;&lt;member name="DocumentSaveLocationType" source="inline" type="System.Int16" value="0" field="" selection="false" index="0" /&gt;&lt;member name="OutFilePath" source="LOAN_CASES_ROOT_FOLDER" type="System.String" value="LOAN_CASES_ROOT_FOLDER" field="LOAN_CASES_ROOT_FOLDER" selection="false" index="0" /&gt;&lt;member name="OutFileName" source="LAST_NAME" type="System.String" value="LAST_NAME" field="LAST_NAME" selection="false" index="0" /&gt;&lt;member name="OverWrite" source="inline" type="System.Boolean" value="True" field="" selection="false" index="0" /&gt;&lt;member name="DocumentFields" source="" type="Agility.Sdk.Model.Document.DocumentFieldCollection[]" value="" field="" selection="false" index="0"&gt;&lt;member name="" source="" type="Agility.Sdk.Model.Document.DocumentField" value="" field="" selection="false" index="0"&gt;&lt;member name="Name" source="inline" type="System.String" value="CaseRef" field="" selection="false" index="0" /&gt;&lt;member name="Value" source="SPP_CASE_REFERENCE" type="System.Object" value="SPP_CASE_REFERENCE" field="SPP_CASE_REFERENCE" selection="false" index="0" /&gt;&lt;/member&gt;&lt;member name="" source="" type="Agility.Sdk.Model.Document.DocumentField" value="" field="" selection="false" index="0"&gt;&lt;member name="Name" source="inline" type="System.String" value="CustomerName" field="" selection="false" index="0" /&gt;&lt;member name="Value" source="FIRST_NAME" type="System.Object" value="FIRST_NAME" field="FIRST_NAME" selection="false" index="0" /&gt;&lt;/member&gt;&lt;member name="" source="" type="Agility.Sdk.Model.Document.DocumentField" value="" field="" selection="false" index="0"&gt;&lt;member name="Name" source="inline" type="System.String" value="LoanAmount" field="" selection="false" index="0" /&gt;&lt;member name="Value" source="LOAN_AMOUNT" type="System.Object" value="LOAN_AMOUNT" field="LOAN_AMOUNT" selection="false" index="0" /&gt;&lt;/member&gt;&lt;member name="" source="" type="Agility.Sdk.Model.Document.DocumentField" value="" field="" selection="false" index="0"&gt;&lt;member name="Name" source="inline" type="System.String" value="Creditscore" field="" selection="false" index="0" /&gt;&lt;member name="Value" source="CREDIT_SCORE" type="System.Object" value="CREDIT_SCORE" field="CREDIT_SCORE" selection="false" index="0" /&gt;&lt;/member&gt;&lt;member name="" source="" type="Agility.Sdk.Model.Document.DocumentField" value="" field="" selection="false" index="0"&gt;&lt;member name="Name" source="inline" type="System.String" value="CaseOwner" field="" selection="false" index="0" /&gt;&lt;member name="Value" source="inline" type="System.Object" value="" field="" selection="false" index="0" /&gt;&lt;/member&gt;&lt;/member&gt;&lt;member name="LoadFromStore" source="inline" type="System.Boolean" value="True" field="" selection="false" index="0" /&gt;&lt;member name="DocumentType" source="inline" type="System.Int16" value="0" field="" selection="false" index="0" /&gt;&lt;/param&gt;&lt;param direction="ret" source="" field="" datatype="Agility.Sdk.Model.Document.CreateDocumentResult" value="" name="CreateDocumentResult" selection="false" /&gt;&lt;/parameters&gt;</paramsmappingxmltag></dotnetactivity></dotnet><webservice /><activityinfo><useadvworkflowrules>0</useadvworkflowrules><seqactivityassignment>0</seqactivityassignment><concuractivityaccess>0</concuractivityaccess><noofusableresourcesreq>0</noofusableresourcesreq><exitcondition></exitcondition><expandgroups>0</expandgroups><noofusableresourcesreqvarid /></activityinfo><categoryid>D2EE3568320A4D27841780282C65AE54</categoryid><poolid>0</poolid><activityruntimesettings>0</activityruntimesettings><activityragamberthreshold>0</activityragamberthreshold><activityragredthreshold>0</activityragredthreshold><activityragblackthreshold>0</activityragblackthreshold><activityragpurplethreshold>0</activityragpurplethreshold><form /><xmldata /><dataaccess /><getresourceinfo /><jobvariableinfo /><baminfo /><bpescalations /><preconditionslist /><startmethod></startmethod><classnamespace></classnamespace><resetlimit>-1</resetlimit><activitytimedoutaction>0</activitytimedoutaction><suspendreasontext></suspendreasontext><suspendreasonvarid></suspendreasonvarid></activitydata></node></nodelist><documentprocessrulecollection /></processmap></processmaps>